{"stats":{"minecraft:custom":{"minecraft:interact_with_furnace":16,"minecraft:mob_kills":13,"minecraft:interact_with_crafting_table":6,"minecraft:leave_game":11,"minecraft:time_since_death":16803,"minecraft:sleep_in_bed":3,"minecraft:time_since_rest":4246,"minecraft:sprint_one_cm":70808,"minecraft:damage_taken":1519,"minecraft:walk_one_cm":56055,"minecraft:damage_dealt":2750,"minecraft:talked_to_villager":4,"minecraft:fly_one_cm":155359,"minecraft:open_chest":8,"minecraft:crouch_one_cm":2521,"minecraft:play_time":50598,"minecraft:deaths":5,"minecraft:sneak_time":1171,"minecraft:jump":565,"minecraft:interact_with_blast_furnace":1,"minecraft:walk_on_water_one_cm":133,"minecraft:total_world_time":50598,"minecraft:fall_one_cm":18104},"minecraft:picked_up":{"minecraft:crafting_table":3,"minecraft:leather":2,"minecraft:smithing_table":2,"minecraft:smoker":1,"minecraft:potato":1,"simplevillagers:iron_farm_block":2,"minecraft:oak_log":4,"minecraft:blue_bed":5,"minecraft:dirt":36,"minecraft:red_bed":2,"minecraft:raw_copper":37,"minecraft:smooth_stone_slab":2,"minecraft:stonecutter":1,"minecraft:wheat_seeds":1,"minecraft:smooth_stone":1,"minecraft:spruce_planks":1,"minecraft:beef":8,"minecraft:grindstone":2,"minecraft:iron_ingot":4,"minecraft:poppy":2,"minecraft:light_gray_wool":1,"minecraft:sugar_cane":18,"minecraft:chest":1,"minecraft:furnace":7,"minecraft:stick":9,"minecraft:pumpkin":1,"simplevillagers:converter_block":2,"minecraft:blast_furnace":1,"minecraft:white_bed":2,"minecraft:dark_oak_log":42,"minecraft:arrow":2,"minecraft:rotten_flesh":13,"simplevillagers:trading_block":2,"simplevillagers:villager_item":2,"minecraft:oak_sapling":4,"minecraft:mutton":1,"minecraft:obsidian":3,"minecraft:coal":79,"minecraft:snowball":16,"minecraft:cobblestone":42},"minecraft:used":{"minecraft:chest":12,"minecraft:wooden_pickaxe":3,"minecraft:dirt":33,"minecraft:crafting_table":4,"minecraft:red_bed":2,"minecraft:snowball":16,"minecraft:obsidian":3,"minecraft:bread":3,"simplevillagers:iron_farm_block":2,"minecraft:stone_axe":49,"minecraft:cobblestone":7,"travelersbackpack:standard":1,"minecraft:furnace":7,"minecraft:bucket":2,"minecraft:cooked_beef":1,"torcherino:compressed_torcherino":1,"minecraft:dark_oak_sapling":4},"minecraft:crafted":{"minecraft:cooked_beef":1,"minecraft:oak_planks":16,"minecraft:oak_slab":6,"minecraft:crafting_table":1,"minecraft:wooden_pickaxe":1,"minecraft:stone_axe":1,"minecraft:cooked_mutton":1,"minecraft:air":0,"minecraft:leather":13,"minecraft:stick":8,"minecraft:stone_pickaxe":1,"minecraft:chest":21,"minecraft:dark_oak_planks":168},"minecraft:killed":{"minecraft:iron_golem":1,"minecraft:skeleton":1,"minecraft:zombie":6,"minecraft:cow":4},"minecraft:mined":{"minecraft:white_bed":2,"minecraft:red_bed":2,"minecraft:crafting_table":2,"minecraft:chest":1,"minecraft:spruce_leaves":2,"minecraft:sugar_cane":8,"minecraft:blue_bed":4,"minecraft:large_fern":5,"minecraft:pumpkin":1,"minecraft:grass":3,"minecraft:oak_log":4,"minecraft:coal_ore":2,"minecraft:stone":1,"minecraft:oak_leaves":4},"minecraft:killed_by":{"minecraft:creeper":2,"minecraft:spider":1,"minecraft:zombie":2}},"DataVersion":3465}