{"stats":{"minecraft:killed":{"minecraft:pig":7,"minecraft:iron_golem":1,"minecraft:sheep":3,"minecraft:cow":4},"minecraft:dropped":{"minecraft:stone_pickaxe":1},"minecraft:used":{"minecraft:oak_planks":4,"minecraft:chest":3,"minecraft:hopper":5,"minecraft:crafting_table":3,"minecraft:flower_pot":2,"minecraft:apple":2,"minecraft:bread":7,"minecraft:item_frame":2,"simplevillagers:iron_farm_block":6,"minecraft:stone_axe":126,"minecraft:oak_sapling":2,"minecraft:beetroot_seeds":1,"minecraft:yellow_bed":2},"minecraft:mined":{"minecraft:oak_sapling":1,"minecraft:red_bed":1,"minecraft:crafting_table":1,"minecraft:torch":2,"minecraft:chest":2,"minecraft:dead_bush":9,"minecraft:lectern":1,"minecraft:cartography_table":1,"minecraft:composter":3,"minecraft:sugar_cane":17,"minecraft:carrots":6,"minecraft:wheat":56,"minecraft:yellow_bed":2,"minecraft:grass":11,"minecraft:bookshelf":4,"minecraft:potatoes":1,"minecraft:beetroots":1,"minecraft:sand":1,"minecraft:orange_bed":3},"minecraft:crafted":{"minecraft:oak_planks":108,"minecraft:crafting_table":1,"minecraft:bread":141,"minecraft:stick":4,"minecraft:wheat":423},"minecraft:custom":{"minecraft:mob_kills":15,"minecraft:inspect_hopper":5,"minecraft:interact_with_cartography_table":1,"minecraft:interact_with_crafting_table":3,"minecraft:pot_flower":4,"minecraft:leave_game":4,"minecraft:time_since_death":44881,"minecraft:sleep_in_bed":2,"minecraft:climb_one_cm":152,"minecraft:time_since_rest":8450,"minecraft:sprint_one_cm":76314,"minecraft:damage_taken":288,"minecraft:walk_one_cm":51067,"minecraft:drop":1,"minecraft:damage_dealt":2339,"minecraft:swim_one_cm":5907,"minecraft:talked_to_villager":3,"minecraft:fly_one_cm":556810,"minecraft:open_chest":26,"minecraft:crouch_one_cm":1926,"minecraft:play_time":44881,"minecraft:sneak_time":932,"minecraft:walk_under_water_one_cm":1128,"minecraft:jump":440,"minecraft:walk_on_water_one_cm":2138,"minecraft:total_world_time":44881,"minecraft:fall_one_cm":13328},"minecraft:picked_up":{"minecraft:magma_block":1,"minecraft:crafting_table":2,"minecraft:clay_ball":16,"minecraft:leather":3,"minecraft:smoker":2,"minecraft:potato":1,"minecraft:gold_block":1,"minecraft:oak_log":27,"minecraft:brewing_stand":1,"minecraft:yellow_bed":2,"minecraft:red_bed":1,"minecraft:raw_copper":14,"minecraft:apple":3,"minecraft:stonecutter":1,"minecraft:wheat_seeds":61,"minecraft:cartography_table":1,"minecraft:beef":8,"minecraft:iron_ingot":5,"minecraft:stone_pickaxe":1,"minecraft:lectern":1,"minecraft:sugar_cane":22,"minecraft:chest":2,"minecraft:oak_planks":4,"minecraft:book":12,"minecraft:stick":19,"minecraft:composter":3,"minecraft:torch":2,"minecraft:acacia_log":2,"minecraft:porkchop":15,"minecraft:sand":1,"minecraft:carrot":6,"minecraft:crying_obsidian":1,"minecraft:dark_oak_log":2,"minecraft:orange_bed":3,"minecraft:beetroot_seeds":1,"minecraft:hay_block":47,"minecraft:diamond_axe":1,"minecraft:terracotta":2,"minecraft:oak_sapling":25,"minecraft:netherrack":2,"minecraft:mutton":6,"minecraft:obsidian":6,"minecraft:white_wool":3,"minecraft:hopper":1}},"DataVersion":3465}