{"stats":{"minecraft:killed_by":{"minecraft:zombie":2,"minecraft:skeleton":3},"minecraft:killed":{"minecraft:witch":1,"minecraft:spider":13,"minecraft:skeleton":13,"minecraft:pig":4,"minecraft:zombie_villager":1,"minecraft:creeper":10,"minecraft:sheep":4,"minecraft:trader_llama":2,"minecraft:pillager":2,"minecraft:zombie":47,"minecraft:blaze":1,"minecraft:cow":4,"minecraft:slime":19,"minecraft:wandering_trader":1,"minecraft:wither_skeleton":5},"minecraft:custom":{"minecraft:interact_with_crafting_table":76,"minecraft:leave_game":36,"minecraft:time_since_death":333818,"minecraft:sprint_one_cm":758369,"minecraft:drop":202,"minecraft:talked_to_villager":302,"minecraft:deaths":5,"minecraft:jump":4582,"minecraft:walk_on_water_one_cm":40919,"minecraft:interact_with_furnace":143,"minecraft:traded_with_villager":10422,"minecraft:play_one_minute":830513,"minecraft:sleep_in_bed":50,"minecraft:damage_dealt":18634,"minecraft:crouch_one_cm":69288,"minecraft:interact_with_smithing_table":1,"minecraft:inspect_dropper":4,"minecraft:mob_kills":127,"minecraft:interact_with_anvil":15,"minecraft:inspect_hopper":153,"minecraft:damage_dealt_resisted":68,"minecraft:walk_one_cm":1410379,"minecraft:sneak_time":29440,"minecraft:walk_under_water_one_cm":12923,"minecraft:interact_with_grindstone":6,"minecraft:interact_with_stonecutter":6,"minecraft:time_since_rest":109687,"minecraft:damage_taken":3748,"minecraft:swim_one_cm":3541,"minecraft:fly_one_cm":1367307,"minecraft:open_chest":454,"minecraft:fall_one_cm":86424},"minecraft:picked_up":{"storagedrawers:compacting_drawers_3":7,"minecraft:slime_spawn_egg":5,"minecraft:iron_chestplate":4,"minecraft:iron_trapdoor":3,"minecraft:anvil":6,"minecraft:diamond_sword":4,"minecraft:smithing_table":6,"minecraft:lead":1,"minecraft:enchanted_book":2,"minecraft:brewing_stand":3,"minecraft:polished_blackstone_brick_stairs":21,"minecraft:string":17,"minecraft:dark_oak_trapdoor":3,"minecraft:gold_nugget":19,"minecraft:bucket":7,"minecraft:redstone_torch":4,"storagedrawers:quantify_key":2,"storagedrawers:dark_oak_full_drawers_4":5,"minecraft:iron_pickaxe":2,"minecraft:furnace":16,"minecraft:stick":316,"minecraft:composter":6,"minecraft:torch":5,"minecraft:porkchop":8,"easy_villagers:iron_farm":9,"minecraft:diorite":402,"easy_villagers:villager":5,"minecraft:zombie_spawn_egg":1,"storagedrawers:emerald_storage_upgrade":71,"minecraft:rotten_flesh":80,"minecraft:glowstone":4,"minecraft:blaze_rod":2,"minecraft:obsidian":3,"minecraft:cobblestone":5279,"minecraft:andesite":341,"minecraft:potato":12,"torcherino:torcherino":2,"minecraft:flint":181,"storagedrawers:drawer_key":2,"minecraft:lapis_lazuli":432,"minecraft:dirt":1119,"minecraft:lantern":9,"betterfurnacesreforged:fuel_efficiency_upgrade":2,"minecraft:glass":11,"minecraft:bone":35,"minecraft:stonecutter":1,"minecraft:wheat_seeds":57,"easy_villagers:trader":1,"minecraft:grindstone":10,"uncrafter:uncrafter":1,"minecraft:fletching_table":5,"minecraft:oak_planks":7,"ironfurnaces:iron_furnace":16,"minecraft:chiseled_polished_blackstone":1,"minecraft:sand":19,"minecraft:ink_sac":3,"minecraft:dark_oak_log":3238,"minecraft:wither_skeleton_spawn_egg":1,"minecraft:skeleton_spawn_egg":2,"tinymobfarm:lasso":4,"minecraft:diamond":92,"minecraft:lever":12,"minecraft:polished_blackstone_button":1,"minecraft:granite":268,"minecraft:emerald":1594,"minecraft:bread":93,"minecraft:oak_sapling":52,"minecraft:netherrack":64,"minecraft:diamond_pickaxe":77,"minecraft:blaze_spawn_egg":1,"minecraft:crafting_table":7,"minecraft:spider_spawn_egg":1,"minecraft:cornflower":1,"minecraft:iron_axe":10,"ironfurnaces:rainbow_coal":19,"refinedstorage:crafting_grid":2,"minecraft:blackstone":34,"minecraft:glass_pane":1,"easy_villagers:auto_trader":7,"minecraft:beef":141,"minecraft:poppy":297,"minecraft:light_gray_wool":1,"minecraft:lectern":15,"minecraft:sugar_cane":1186,"minecraft:chest":38,"minecraft:egg":2,"minecraft:dark_oak_sapling":199,"torcherino:double_compressed_torcherino":7,"sophisticatedbackpacks:backpack":1,"minecraft:polished_blackstone_bricks":15,"minecraft:carrot":2036,"minecraft:redstone":503,"minecraft:dark_oak_planks":228,"minecraft:arrow":35,"minecraft:peony":9,"powah:uraninite_raw_poor":8,"minecraft:hay_block":29,"storagedrawers:controller":2,"minecraft:gold_ingot":1,"minecraft:mutton":5,"minecraft:white_wool":2,"minecraft:rail":4,"minecraft:stripped_oak_log":1,"minecraft:air":0,"minecraft:clock":2,"minecraft:basalt":101,"storagedrawers:upgrade_template":32,"minecraft:leather":183,"easy_villagers:farmer":5,"minecraft:oak_log":84,"minecraft:ancient_debris":1,"minecraft:gunpowder":105,"minecraft:white_banner":2,"minecraft:spawner":1,"minecraft:apple":43,"minecraft:stone_pickaxe":2,"minecraft:iron_ingot":7347,"minecraft:iron_ore":23,"refinedstorage:cable":6,"uppers:upper":4,"minecraft:iron_sword":4,"torcherino:compressed_torcherino":14,"minecraft:book":188,"minecraft:pillager_spawn_egg":2,"minecraft:pink_bed":2,"minecraft:emerald_block":1,"minecraft:quartz":28,"minecraft:gravel":5,"minecraft:lava_bucket":1,"powah:uraninite_raw":10,"minecraft:blast_furnace":2,"tinymobfarm:iron_farm":4,"minecraft:gold_ore":38,"minecraft:spider_eye":11,"storagedrawers:void_upgrade":63,"minecraft:diamond_shovel":4,"minecraft:slime_ball":28,"minecraft:stone_axe":1,"minecraft:diamond_axe":2,"minecraft:oak_button":1,"minecraft:black_wool":1,"minecraft:stripped_dark_oak_log":1,"minecraft:coal":273,"minecraft:hopper":76},"minecraft:used":{"easy_villagers:breeder":2,"minecraft:oak_sign":9,"minecraft:chest":50,"minecraft:iron_sword":188,"minecraft:stone":116,"minecraft:soul_sand":24,"minecraft:skeleton_spawn_egg":4,"minecraft:carrot":8,"torcherino:double_compressed_torcherino":12,"minecraft:obsidian":14,"minecraft:milk_bucket":1,"minecraft:glass":90,"minecraft:packed_ice":3,"minecraft:lava_bucket":1,"minecraft:villager_spawn_egg":2,"minecraft:lantern":2,"minecraft:grass_block":43,"refinedstorage:external_storage":1,"easy_villagers:iron_farm":10,"minecraft:hopper_minecart":10,"minecraft:slime_spawn_egg":3,"ironfurnaces:iron_furnace":26,"minecraft:repeater":3,"betterfurnacesreforged:cobblestone_generator":1,"minecraft:oak_sapling":5,"minecraft:furnace":12,"storagedrawers:dark_oak_trim":6,"minecraft:egg":1,"minecraft:dark_oak_sapling":159,"minecraft:chiseled_polished_blackstone":233,"uncrafter:uncrafter":1,"minecraft:dropper":1,"tinymobfarm:inferno_farm":1,"tinymobfarm:lasso":5,"minecraft:composter":4,"minecraft:diamond_axe":64,"minecraft:sugar_cane":28,"minecraft:dark_oak_trapdoor":3,"uncrafter:advanced_uncrafter":2,"minecraft:sand":13,"minecraft:blast_furnace":4,"tinymobfarm:iron_farm":10,"minecraft:redstone_torch":15,"minecraft:sticky_piston":12,"minecraft:lever":23,"easy_villagers:villager":55,"minecraft:dark_oak_log":18,"minecraft:bread":27,"minecraft:lectern":43,"minecraft:gravel":5,"minecraft:diamond_sword":135,"minecraft:grindstone":7,"minecraft:smithing_table":8,"minecraft:experience_bottle":281,"minecraft:polished_blackstone_brick_slab":31,"minecraft:flint_and_steel":1,"minecraft:redstone":28,"minecraft:wither_skeleton_spawn_egg":2,"refinedstorage:creative_controller":1,"minecraft:netherrack":8,"minecraft:anvil":55,"minecraft:torch":19,"minecraft:dirt":275,"minecraft:brewing_stand":3,"storagedrawers:dark_oak_full_drawers_4":58,"minecraft:hopper":140,"minecraft:dark_oak_planks":8,"minecraft:wooden_axe":6,"minecraft:bookshelf":27,"minecraft:iron_axe":65,"storagedrawers:controller":3,"minecraft:spawner":7,"easy_villagers:trader":1,"minecraft:polished_blackstone_brick_stairs":113,"minecraft:blaze_spawn_egg":1,"easy_villagers:auto_trader":18,"torcherino:torcherino":1,"minecraft:basalt":57,"minecraft:golden_carrot":53,"minecraft:beef":2,"minecraft:iron_trapdoor":15,"uppers:upper":12,"easy_villagers:incubator":2,"minecraft:cooked_beef":3,"minecraft:observer":6,"torcherino:compressed_torcherino":19,"minecraft:cooked_mutton":5,"minecraft:water_bucket":119,"storagedrawers:compacting_drawers_3":14,"easy_villagers:farmer":16,"minecraft:fletching_table":8,"minecraft:stonecutter":3,"minecraft:polished_blackstone_bricks":494,"minecraft:rail":12,"minecraft:comparator":2,"minecraft:crafting_table":6,"craftingautomat:autocrafter":2,"minecraft:smoker":1,"minecraft:oak_log":1,"minecraft:piston":5,"minecraft:diamond_pickaxe":13386,"refinedstorage:cable":7,"minecraft:ghast_spawn_egg":2,"minecraft:diamond_shovel":374,"minecraft:oak_button":11,"refinedstorage:crafting_grid":3,"minecraft:stone_slab":21,"storagedrawers:controller_slave":1,"minecraft:stone_axe":19,"minecraft:pink_bed":3,"minecraft:cobblestone":51,"minecraft:cooked_porkchop":1,"minecraft:bucket":7,"minecraft:polished_blackstone_button":16,"storagedrawers:drawer_key":2},"minecraft:mined":{"minecraft:dark_oak_planks":8,"minecraft:oak_sapling":5,"minecraft:pink_bed":2,"uppers:upper":4,"minecraft:granite":536,"minecraft:chiseled_polished_blackstone":1,"minecraft:grass_block":162,"minecraft:composter":3,"minecraft:hopper":77,"minecraft:spawner":1,"minecraft:polished_blackstone_bricks":14,"refinedstorage:crafting_grid":2,"minecraft:dark_oak_trapdoor":3,"minecraft:iron_ore":23,"minecraft:fletching_table":4,"powah:uraninite_ore_poor":4,"minecraft:blackstone":1,"storagedrawers:controller":2,"powah:uraninite_ore":3,"ironfurnaces:iron_furnace":16,"minecraft:blast_furnace":2,"minecraft:poppy":3,"minecraft:chest":26,"minecraft:glass":1,"easy_villagers:farmer":10,"minecraft:nether_quartz_ore":26,"storagedrawers:dark_oak_full_drawers_4":4,"minecraft:cobblestone":11,"minecraft:grindstone":4,"minecraft:sugar_cane":22,"minecraft:wall_torch":2,"torcherino:compressed_torcherino":9,"storagedrawers:compacting_drawers_3":7,"minecraft:grass":117,"minecraft:oak_log":7,"minecraft:dark_oak_sapling":5,"minecraft:sand":3,"minecraft:dirt":144,"minecraft:netherrack":35,"minecraft:stonecutter":1,"minecraft:ancient_debris":1,"minecraft:oak_leaves":1,"minecraft:nether_gold_ore":6,"minecraft:diamond_ore":51,"minecraft:dark_oak_leaves":1,"minecraft:dark_oak_log":21,"minecraft:lever":10,"uncrafter:uncrafter":1,"torcherino:double_compressed_torcherino":4,"refinedstorage:cable":6,"minecraft:hay_block":8,"minecraft:redstone_ore":95,"easy_villagers:iron_farm":8,"minecraft:furnace":10,"minecraft:andesite":536,"minecraft:bookshelf":27,"torcherino:wall_compressed_torcherino":2,"easy_villagers:trader":1,"minecraft:stone":10909,"minecraft:smithing_table":4,"tinymobfarm:iron_farm":10,"minecraft:basalt":64,"minecraft:crafting_table":4,"minecraft:cornflower":1,"minecraft:lectern":15,"minecraft:tall_grass":7,"minecraft:lapis_ore":31,"minecraft:polished_blackstone_brick_stairs":9,"minecraft:diorite":580,"minecraft:birch_leaves":1,"minecraft:coal_ore":124,"minecraft:gravel":200,"easy_villagers:auto_trader":13,"minecraft:gold_ore":38,"minecraft:iron_trapdoor":3},"minecraft:crafted":{"minecraft:brick":640,"minecraft:oak_planks":336,"minecraft:pink_bed":1,"minecraft:blaze_powder":24,"ironfurnaces:iron_furnace":10,"minecraft:stone":2,"minecraft:lever":18,"minecraft:diamond_shovel":1,"minecraft:bookshelf":27,"minecraft:cooked_mutton":5,"minecraft:iron_bars":16,"minecraft:glass":137,"minecraft:hopper":53,"minecraft:diamond_helmet":1,"minecraft:diamond_leggings":1,"minecraft:chest":144,"minecraft:ender_eye":16,"minecraft:emerald":8327,"sophisticatedbackpacks:backpack":1,"minecraft:cooked_porkchop":8,"minecraft:diamond_axe":1,"minecraft:crafting_table":1,"uppers:upper":6,"torcherino:double_compressed_torcherino":1,"minecraft:wooden_pickaxe":1,"minecraft:kelp":21,"minecraft:clock":909,"tinymobfarm:gold_farm":4,"minecraft:apple":16,"storagedrawers:dark_oak_trim":16,"minecraft:string":4,"minecraft:iron_chestplate":10,"minecraft:book":26,"minecraft:paper":2619,"minecraft:diamond_pickaxe":138,"minecraft:pink_wool":3,"minecraft:shield":1,"minecraft:stick":16918,"minecraft:iron_ingot":6,"minecraft:compass":7,"minecraft:iron_pickaxe":1,"minecraft:gold_ingot":0,"storagedrawers:upgrade_template":96,"minecraft:golden_carrot":309,"storagedrawers:dark_oak_full_drawers_4":64,"minecraft:redstone":420,"minecraft:coal":1152,"minecraft:experience_bottle":281,"storagedrawers:dark_oak_full_drawers_1":14,"torcherino:compressed_torcherino":12,"minecraft:furnace":1,"minecraft:piston":3,"minecraft:dark_oak_trapdoor":24,"easy_villagers:iron_farm":2,"minecraft:pink_dye":18,"minecraft:glass_pane":16,"storagedrawers:emerald_storage_upgrade":43,"minecraft:flint_and_steel":1,"minecraft:lantern":11,"minecraft:leather":10,"minecraft:iron_axe":10,"minecraft:ender_pearl":91,"minecraft:stone_pickaxe":1,"minecraft:diamond_boots":1,"minecraft:netherite_scrap":0,"minecraft:dark_oak_planks":9660,"minecraft:observer":3,"minecraft:wheat":261,"minecraft:cooked_beef":3,"minecraft:sugar":1,"easy_villagers:farmer":1,"torcherino:torcherino":112,"minecraft:diamond_sword":1,"minecraft:iron_trapdoor":24,"minecraft:bell":66,"minecraft:bucket":2,"minecraft:stone_axe":1,"minecraft:glowstone":4,"minecraft:enchanted_book":39,"minecraft:bread":87,"minecraft:air":0,"minecraft:cobblestone":0,"minecraft:blackstone":0,"minecraft:wooden_axe":1,"minecraft:anvil":64,"minecraft:torch":164,"minecraft:diamond_chestplate":62,"minecraft:obsidian":0},"minecraft:broken":{"minecraft:stone_axe":1,"minecraft:iron_axe":10},"minecraft:dropped":{"minecraft:emerald":812,"minecraft:dark_oak_log":256,"minecraft:dark_oak_planks":64,"minecraft:bone":3,"minecraft:sugar_cane":676,"minecraft:rotten_flesh":2,"minecraft:carrot":64,"minecraft:chest":11,"minecraft:arrow":4,"minecraft:iron_ingot":2626,"minecraft:wheat_seeds":5,"minecraft:smithing_table":1,"minecraft:cobblestone":2134,"minecraft:granite":23,"minecraft:stick":66,"minecraft:diorite":21,"betterfurnacesreforged:fuel_efficiency_upgrade":1,"minecraft:iron_axe":1,"minecraft:diamond_sword":1,"minecraft:diamond_pickaxe":72,"minecraft:andesite":124,"storagedrawers:void_upgrade":63,"minecraft:oak_sapling":18}},"DataVersion":2586}