{"stats":{"minecraft:custom":{"minecraft:interact_with_smithing_table":2,"minecraft:mob_kills":26,"minecraft:inspect_hopper":18,"minecraft:interact_with_crafting_table":14,"minecraft:leave_game":6,"minecraft:time_since_death":7858,"minecraft:climb_one_cm":152,"minecraft:sprint_one_cm":143763,"minecraft:walk_one_cm":231838,"minecraft:drop":2,"minecraft:talked_to_villager":58,"minecraft:play_time":119641,"minecraft:deaths":4,"minecraft:sneak_time":6527,"minecraft:walk_under_water_one_cm":1128,"minecraft:jump":872,"minecraft:walk_on_water_one_cm":2138,"minecraft:total_world_time":119641,"minecraft:interact_with_furnace":7,"minecraft:traded_with_villager":1492,"minecraft:interact_with_cartography_table":1,"minecraft:pot_flower":7,"minecraft:sleep_in_bed":7,"minecraft:time_since_rest":7482,"minecraft:damage_taken":1683,"minecraft:damage_dealt":3815,"minecraft:swim_one_cm":5907,"minecraft:fly_one_cm":597198,"minecraft:open_chest":237,"minecraft:crouch_one_cm":18122,"minecraft:fall_one_cm":19555},"minecraft:mined":{"simplevillagers:iron_farm_block":13,"minecraft:oak_sapling":1,"minecraft:grass_block":64,"torcherino:double_compressed_torcherino":3,"minecraft:hopper":6,"minecraft:cartography_table":1,"minecraft:composter":3,"minecraft:oxeye_daisy":1,"simplevillagers:breeder_block":4,"minecraft:carrots":6,"minecraft:bookshelf":4,"minecraft:potatoes":1,"torcherino:wall_double_compressed_torcherino":1,"minecraft:stone":2,"omnihopper:omnihopper":29,"minecraft:orange_bed":3,"minecraft:red_bed":1,"minecraft:dandelion":4,"minecraft:crafting_table":1,"minecraft:cornflower":1,"minecraft:torch":2,"minecraft:chest":7,"minecraft:dead_bush":9,"minecraft:lectern":1,"minecraft:sugar_cane":17,"minecraft:wheat":56,"minecraft:yellow_bed":3,"minecraft:grass":45,"minecraft:beetroots":1,"minecraft:dark_oak_sapling":1,"minecraft:sand":1,"minecraft:dirt":51},"minecraft:picked_up":{"betterfurnacesreforged:diamond_forge":1,"minecraft:crafting_table":2,"minecraft:clay_ball":16,"simplevillagers:iron_farm_block":77,"minecraft:gold_block":1,"minecraft:brewing_stand":1,"minecraft:red_bed":1,"minecraft:raw_copper":14,"minecraft:item_frame":6,"minecraft:cartography_table":1,"minecraft:beef":9,"minecraft:poppy":523,"minecraft:lectern":1,"minecraft:sugar_cane":22,"minecraft:chest":7,"omnihopper:omnihopper":23,"minecraft:dark_oak_sapling":21,"minecraft:stick":44,"torcherino:double_compressed_torcherino":4,"minecraft:composter":3,"minecraft:torch":2,"minecraft:acacia_log":2,"minecraft:porkchop":15,"minecraft:carrot":6,"minecraft:dark_oak_planks":56,"minecraft:orange_bed":3,"minecraft:zombie_spawn_egg":1,"minecraft:arrow":2,"minecraft:rotten_flesh":7,"minecraft:beetroot_seeds":1,"minecraft:hay_block":47,"simplevillagers:villager_item":23,"minecraft:mutton":6,"minecraft:obsidian":6,"minecraft:oxeye_daisy":1,"minecraft:cobblestone":5,"minecraft:white_wool":3,"minecraft:magma_block":1,"minecraft:golden_carrot":64,"minecraft:leather":4,"minecraft:smoker":2,"minecraft:potato":1,"minecraft:oak_log":27,"minecraft:yellow_bed":3,"minecraft:dirt":179,"minecraft:bone":2,"minecraft:apple":115,"minecraft:stonecutter":1,"minecraft:wheat_seeds":67,"minecraft:iron_ingot":1359,"minecraft:stone_pickaxe":2,"minecraft:oak_planks":4,"minecraft:book":13,"simplevillagers:breeder_block":68,"simplevillagers:incubator_block":64,"simplevillagers:converter_block":64,"minecraft:dandelion":3,"minecraft:sand":1,"minecraft:crying_obsidian":1,"minecraft:dark_oak_log":402,"simplevillagers:trading_block":64,"minecraft:diamond_axe":1,"minecraft:bread":3,"minecraft:terracotta":2,"minecraft:oak_sapling":25,"minecraft:netherrack":2,"minecraft:hopper":7},"minecraft:killed":{"minecraft:skeleton":1,"minecraft:pig":7,"minecraft:iron_golem":1,"minecraft:sheep":3,"minecraft:zombie":7,"minecraft:cow":4},"minecraft:killed_by":{"minecraft:creeper":1,"minecraft:skeleton":1,"minecraft:zombie":2},"minecraft:broken":{"minecraft:iron_axe":1},"minecraft:dropped":{"minecraft:dark_oak_log":3,"minecraft:stone_pickaxe":1},"minecraft:used":{"omnihopper:omnihopper":46,"minecraft:chest":44,"minecraft:dirt":323,"simplevillagers:breeder_block":6,"minecraft:hopper":27,"simplevillagers:incubator_block":2,"torcherino:double_compressed_torcherino":5,"minecraft:glass":14,"betterfurnacesreforged:diamond_forge":4,"minecraft:iron_axe":15,"minecraft:item_frame":12,"minecraft:oak_sapling":2,"betterfurnacesreforged:cobblestone_generator":1,"minecraft:beetroot_seeds":1,"torcherino:compressed_torcherino":1,"minecraft:dark_oak_sapling":17,"uncrafter:uncrafter":1,"simplevillagers:villager_item":7,"minecraft:oak_planks":4,"minecraft:composter":2,"minecraft:fletching_table":1,"minecraft:glow_item_frame":8,"minecraft:terracotta":1,"minecraft:crafting_table":3,"minecraft:flower_pot":4,"minecraft:diamond_pickaxe":66,"minecraft:apple":2,"minecraft:diamond_shovel":55,"minecraft:bread":16,"simplevillagers:iron_farm_block":22,"minecraft:stone_axe":137,"minecraft:cobblestone":30,"minecraft:grindstone":1,"minecraft:smithing_table":1,"minecraft:yellow_bed":3},"minecraft:crafted":{"minecraft:cookie":144,"minecraft:oak_planks":108,"minecraft:diamond_shovel":1,"minecraft:hopper":35,"minecraft:iron_axe":7,"minecraft:chest":65,"minecraft:dark_oak_planks":1472,"minecraft:stone_hoe":10,"minecraft:wheat":423,"minecraft:emerald":1190,"minecraft:crafting_table":1,"travelersbackpack:standard":1,"minecraft:iron_sword":10,"minecraft:dark_oak_button":64,"minecraft:bread":369,"minecraft:air":0,"minecraft:apple":668,"minecraft:iron_chestplate":1,"minecraft:diamond_pickaxe":5,"minecraft:cobblestone":0,"minecraft:stick":1132,"minecraft:blackstone":0,"minecraft:iron_pickaxe":1,"minecraft:golden_carrot":189}},"DataVersion":3465}