{"stats":{"minecraft:picked_up":{"minecraft:crafting_table":2,"minecraft:clay_ball":16,"minecraft:lead":2,"simplevillagers:iron_farm_block":77,"minecraft:gold_block":1,"minecraft:brewing_stand":1,"minecraft:red_bed":1,"minecraft:raw_copper":14,"minecraft:item_frame":6,"minecraft:blackstone":1,"minecraft:cartography_table":1,"minecraft:comparator":3,"minecraft:beef":9,"minecraft:redstone_torch":2,"minecraft:poppy":523,"minecraft:lectern":1,"minecraft:sugar_cane":22,"minecraft:chest":11,"omnihopper:omnihopper":32,"minecraft:dark_oak_sapling":21,"minecraft:stick":44,"torcherino:double_compressed_torcherino":5,"minecraft:composter":3,"minecraft:torch":2,"minecraft:acacia_log":2,"minecraft:porkchop":15,"minecraft:carrot":6,"minecraft:redstone":28,"minecraft:dark_oak_planks":56,"minecraft:zombie_spawn_egg":1,"minecraft:orange_bed":3,"minecraft:arrow":5,"minecraft:rotten_flesh":22,"minecraft:beetroot_seeds":1,"minecraft:hay_block":47,"simplevillagers:villager_item":23,"minecraft:obsidian":6,"minecraft:mutton":6,"minecraft:cobblestone":6,"minecraft:white_wool":3,"minecraft:oxeye_daisy":1,"minecraft:magma_block":1,"minecraft:clock":65,"minecraft:repeater":1,"minecraft:golden_carrot":64,"minecraft:leather":4,"minecraft:smoker":2,"minecraft:potato":1,"minecraft:oak_log":27,"minecraft:yellow_bed":3,"minecraft:gunpowder":1,"minecraft:dirt":214,"minecraft:bone":3,"minecraft:apple":115,"minecraft:stonecutter":1,"minecraft:wheat_seeds":73,"minecraft:iron_ingot":1507,"minecraft:stone_pickaxe":2,"uncrafter:uncrafter":1,"minecraft:glowstone_dust":2,"minecraft:oak_planks":4,"minecraft:book":64,"simplevillagers:breeder_block":68,"simplevillagers:incubator_block":64,"simplevillagers:converter_block":64,"minecraft:dandelion":3,"minecraft:sand":1,"minecraft:crying_obsidian":1,"minecraft:dark_oak_log":402,"minecraft:diamond_axe":1,"simplevillagers:trading_block":64,"minecraft:bread":3,"minecraft:terracotta":2,"minecraft:oak_sapling":25,"minecraft:netherrack":2,"minecraft:hopper":7,"betterfurnacesreforged:diamond_forge":1},"minecraft:used":{"minecraft:redstone":82,"omnihopper:omnihopper":171,"minecraft:chest":237,"minecraft:stone":40,"minecraft:brewing_stand":1,"minecraft:dirt":387,"minecraft:anvil":2,"simplevillagers:breeder_block":6,"minecraft:hopper":74,"simplevillagers:incubator_block":2,"torcherino:double_compressed_torcherino":7,"minecraft:glass":35,"betterfurnacesreforged:diamond_forge":4,"minecraft:bookshelf":17,"minecraft:lantern":6,"minecraft:iron_axe":17,"minecraft:grass_block":154,"minecraft:item_frame":12,"minecraft:repeater":22,"minecraft:glowstone":12,"minecraft:oak_sapling":2,"betterfurnacesreforged:cobblestone_generator":1,"minecraft:beetroot_seeds":1,"minecraft:dark_oak_sapling":17,"torcherino:compressed_torcherino":1,"minecraft:water_bucket":3,"uncrafter:uncrafter":2,"minecraft:dropper":7,"simplevillagers:villager_item":11,"minecraft:oak_planks":4,"minecraft:blackstone":15,"minecraft:composter":2,"minecraft:diamond_axe":20,"minecraft:fletching_table":1,"minecraft:glow_item_frame":8,"minecraft:terracotta":1,"minecraft:comparator":23,"minecraft:crafting_table":3,"minecraft:blast_furnace":1,"minecraft:redstone_torch":18,"minecraft:diamond_pickaxe":82,"minecraft:flower_pot":4,"minecraft:apple":2,"minecraft:diamond_shovel":96,"minecraft:bread":23,"minecraft:lectern":2,"simplevillagers:iron_farm_block":22,"minecraft:stone_axe":137,"minecraft:diamond_sword":40,"minecraft:cobblestone":58,"minecraft:grindstone":1,"minecraft:smithing_table":1,"minecraft:yellow_bed":3},"minecraft:mined":{"simplevillagers:iron_farm_block":13,"minecraft:oak_sapling":1,"minecraft:grass_block":99,"uncrafter:uncrafter":1,"torcherino:double_compressed_torcherino":3,"minecraft:cartography_table":1,"minecraft:composter":3,"minecraft:hopper":7,"minecraft:oxeye_daisy":1,"minecraft:glowstone":1,"simplevillagers:breeder_block":4,"minecraft:carrots":6,"minecraft:bookshelf":21,"minecraft:potatoes":1,"torcherino:wall_double_compressed_torcherino":1,"minecraft:stone":2,"omnihopper:omnihopper":41,"minecraft:orange_bed":3,"minecraft:red_bed":1,"minecraft:dandelion":4,"minecraft:crafting_table":1,"minecraft:cornflower":1,"minecraft:torch":2,"minecraft:chest":11,"minecraft:dead_bush":9,"minecraft:lectern":1,"minecraft:cobblestone":1,"minecraft:sugar_cane":17,"minecraft:wheat":56,"minecraft:yellow_bed":3,"minecraft:grass":60,"minecraft:beetroots":1,"minecraft:dark_oak_sapling":1,"minecraft:sand":1,"minecraft:dirt":51},"minecraft:broken":{"minecraft:iron_axe":1},"minecraft:killed":{"minecraft:skeleton":3,"minecraft:pig":7,"minecraft:zombie_villager":1,"minecraft:iron_golem":1,"minecraft:wandering_trader":1,"minecraft:creeper":1,"minecraft:sheep":3,"minecraft:trader_llama":2,"minecraft:zombie":18,"minecraft:cow":4},"minecraft:crafted":{"minecraft:golden_carrot":189,"minecraft:cookie":144,"minecraft:oak_planks":108,"minecraft:redstone":554,"minecraft:diamond_shovel":1,"minecraft:bookshelf":109,"minecraft:hopper":35,"minecraft:glass":1280,"minecraft:lantern":11,"minecraft:diamond_helmet":1,"minecraft:diamond_leggings":1,"minecraft:iron_axe":7,"omnihopper:omnihopper":3,"minecraft:chest":69,"minecraft:diamond_boots":1,"minecraft:dark_oak_planks":1472,"minecraft:stone_hoe":10,"minecraft:wheat":423,"minecraft:diamond_sword":1,"minecraft:emerald":3054,"minecraft:diamond_axe":1,"minecraft:crafting_table":1,"travelersbackpack:standard":1,"minecraft:iron_sword":10,"minecraft:clock":48,"minecraft:dark_oak_button":64,"minecraft:glowstone":32,"minecraft:enchanted_book":3,"minecraft:bread":369,"minecraft:air":0,"minecraft:apple":668,"minecraft:lectern":31,"minecraft:dark_oak_slab":126,"minecraft:iron_chestplate":1,"minecraft:cobblestone":0,"minecraft:diamond_pickaxe":5,"minecraft:shield":1,"minecraft:stick":1132,"minecraft:blackstone":0,"minecraft:compass":1,"minecraft:iron_pickaxe":1,"minecraft:iron_block":7,"minecraft:iron_leggings":11,"minecraft:anvil":2,"minecraft:lapis_lazuli":256,"minecraft:diamond_chestplate":1},"minecraft:killed_by":{"minecraft:creeper":1,"minecraft:skeleton":1,"minecraft:zombie":2},"minecraft:dropped":{"minecraft:iron_ingot":115,"minecraft:dark_oak_log":3,"minecraft:poppy":4754,"minecraft:stone_pickaxe":1},"minecraft:custom":{"minecraft:interact_with_smithing_table":2,"minecraft:inspect_dropper":2,"minecraft:interact_with_anvil":1,"minecraft:mob_kills":44,"minecraft:inspect_hopper":84,"minecraft:interact_with_crafting_table":16,"minecraft:leave_game":9,"minecraft:time_since_death":109935,"minecraft:climb_one_cm":152,"minecraft:sprint_one_cm":203177,"minecraft:walk_one_cm":446986,"minecraft:drop":139,"minecraft:talked_to_villager":164,"minecraft:play_time":221718,"minecraft:deaths":4,"minecraft:sneak_time":14111,"minecraft:walk_under_water_one_cm":3336,"minecraft:jump":1483,"minecraft:walk_on_water_one_cm":18788,"minecraft:total_world_time":221718,"minecraft:interact_with_furnace":7,"minecraft:traded_with_villager":4431,"minecraft:interact_with_cartography_table":1,"minecraft:pot_flower":7,"minecraft:interact_with_grindstone":1,"minecraft:sleep_in_bed":11,"minecraft:time_since_rest":42504,"minecraft:damage_taken":1880,"minecraft:damage_dealt":7231,"minecraft:swim_one_cm":5907,"minecraft:fly_one_cm":796313,"minecraft:open_chest":350,"minecraft:crouch_one_cm":41317,"minecraft:fall_one_cm":24203}},"DataVersion":3465}