{"stats":{"minecraft:broken":{"minecraft:iron_axe":1,"minecraft:stone_axe":1},"minecraft:mined":{"minecraft:white_bed":4,"minecraft:oak_sapling":1,"uppers:upper":1,"betterfurnacesreforged:cobblestone_generator":2,"minecraft:grass_block":67,"torcherino:double_compressed_torcherino":2,"refinedstorage:cable":2,"minecraft:composter":3,"minecraft:hopper":3,"easy_villagers:iron_farm":2,"minecraft:furnace":1,"minecraft:iron_ore":10,"minecraft:fire":1,"torcherino:wall_compressed_torcherino":1,"minecraft:stone":36,"minecraft:crafting_table":3,"ironfurnaces:copper_furnace":2,"storagedrawers:controller_slave":4,"minecraft:poppy":1,"minecraft:chest":5,"minecraft:copper_ore":2,"easy_villagers:farmer":4,"minecraft:tall_grass":2,"minecraft:cobblestone":47,"torcherino:compressed_torcherino":3,"minecraft:yellow_bed":2,"minecraft:grass":55,"minecraft:oak_log":3,"minecraft:coal_ore":25,"minecraft:dark_oak_sapling":6,"minecraft:dirt":18,"minecraft:oak_leaves":4,"minecraft:fern":3},"minecraft:used":{"ironfurnaces:copper_furnace":4,"minecraft:iron_shovel":65,"easy_villagers:breeder":4,"minecraft:redstone":10,"minecraft:chest":30,"minecraft:stone":3,"refinedstorage:creative_controller":1,"storagedrawers:dark_oak_full_drawers_4":143,"minecraft:dirt":101,"minecraft:hopper":25,"minecraft:carrot":10,"torcherino:double_compressed_torcherino":3,"minecraft:dark_oak_planks":1,"minecraft:lava_bucket":1,"minecraft:grass_block":9,"minecraft:iron_axe":45,"storagedrawers:controller":1,"create:scoria":1,"refinedstorage:external_storage":1,"easy_villagers:iron_farm":10,"easy_villagers:auto_trader":3,"ironfurnaces:iron_furnace":2,"minecraft:repeater":2,"minecraft:golden_carrot":4,"betterfurnacesreforged:cobblestone_generator":3,"minecraft:furnace":4,"storagedrawers:dark_oak_trim":15,"uppers:upper":3,"tombstone:gift":4,"easy_villagers:incubator":4,"minecraft:egg":1,"torcherino:compressed_torcherino":6,"minecraft:dark_oak_sapling":9,"uncrafter:uncrafter":1,"minecraft:dropper":5,"storagedrawers:compacting_drawers_3":13,"minecraft:stone_pickaxe":66,"easy_villagers:farmer":12,"minecraft:wooden_pickaxe":20,"minecraft:composter":4,"minecraft:comparator":1,"minecraft:crafting_table":6,"minecraft:white_bed":3,"minecraft:cake":1,"easy_villagers:villager":8,"refinedstorage:cable":5,"minecraft:apple":1,"minecraft:iron_pickaxe":60,"refinedstorage:crafting_grid":1,"storagedrawers:controller_slave":6,"minecraft:stone_axe":34,"minecraft:fire_charge":1,"minecraft:cobblestone":73,"minecraft:cooked_porkchop":4,"minecraft:bucket":3,"minecraft:yellow_bed":1,"storagedrawers:drawer_key":3,"storagedrawers:dark_oak_full_drawers_1":83},"minecraft:crafted":{"minecraft:golden_carrot":66,"minecraft:cookie":144,"minecraft:oak_planks":56,"betterfurnacesreforged:copper_furnace":1,"storagedrawers:dark_oak_full_drawers_1":17,"minecraft:furnace":2,"ironfurnaces:iron_furnace":2,"minecraft:stone":0,"easy_villagers:iron_farm":2,"minecraft:glass_pane":144,"minecraft:cake":1,"minecraft:glass":0,"minecraft:hopper":76,"minecraft:iron_axe":2,"minecraft:stone_pickaxe":1,"minecraft:chest":116,"minecraft:dark_oak_planks":1280,"minecraft:oak_slab":12,"minecraft:emerald":602,"minecraft:cooked_porkchop":6,"minecraft:crafting_table":1,"uppers:upper":3,"minecraft:wooden_pickaxe":1,"minecraft:copper_ingot":27,"minecraft:bucket":2,"minecraft:stone_axe":1,"minecraft:air":0,"minecraft:apple":120,"minecraft:cobblestone":0,"minecraft:stick":64,"minecraft:iron_ingot":10,"minecraft:iron_pickaxe":1,"minecraft:wooden_axe":1,"easy_villagers:breeder":1,"minecraft:white_bed":1,"minecraft:composter":1,"create:zinc_ingot":31,"minecraft:packed_ice":75},"minecraft:killed":{"minecraft:spider":2,"minecraft:skeleton":1,"minecraft:pig":6,"minecraft:iron_golem":1,"minecraft:wandering_trader":1,"minecraft:sheep":3,"minecraft:trader_llama":2,"minecraft:zombie":7},"minecraft:killed_by":{"minecraft:skeleton":1},"minecraft:picked_up":{"minecraft:crafting_table":5,"storagedrawers:dark_oak_trim":5,"easy_villagers:breeder":2,"betterfurnacesreforged:cobblestone_generator":2,"minecraft:lead":2,"minecraft:wooden_pickaxe":2,"minecraft:enchanted_book":1,"minecraft:gold_block":2,"minecraft:cornflower":1,"minecraft:string":9,"minecraft:raw_copper":34,"minecraft:flint_and_steel":2,"minecraft:blackstone":42,"minecraft:gold_nugget":2,"minecraft:cobbled_deepslate":5,"minecraft:bucket":1,"storagedrawers:dark_oak_full_drawers_4":3,"minecraft:poppy":21,"minecraft:chest":34,"minecraft:egg":1,"minecraft:furnace":4,"storagedrawers:dark_oak_full_drawers_1":7,"easy_villagers:incubator":2,"minecraft:dark_oak_sapling":14,"minecraft:stick":26,"minecraft:raw_iron":10,"torcherino:double_compressed_torcherino":2,"minecraft:composter":6,"minecraft:porkchop":24,"minecraft:fire_charge":1,"easy_villagers:iron_farm":8,"tombstone:grave_dust":4,"minecraft:carrot":2416,"minecraft:dark_oak_planks":128,"easy_villagers:villager":3,"minecraft:zombie_spawn_egg":2,"minecraft:arrow":2,"minecraft:rotten_flesh":30,"create:scoria":1,"minecraft:mutton":8,"minecraft:obsidian":22,"minecraft:cobblestone":259,"minecraft:white_wool":3,"minecraft:golden_carrot":56,"minecraft:water_bucket":2,"minecraft:leather":3,"easy_villagers:farmer":10,"minecraft:flint":2,"create:raw_zinc":31,"minecraft:oak_log":17,"minecraft:yellow_bed":2,"minecraft:dirt":691,"minecraft:glass":69,"minecraft:bone":2,"minecraft:apple":86,"minecraft:wheat_seeds":27,"minecraft:iron_ingot":5,"refinedstorage:cable":2,"minecraft:bamboo":200,"minecraft:oak_planks":4,"torcherino:compressed_torcherino":4,"minecraft:book":2,"minecraft:oak_slab":5,"minecraft:cooked_porkchop":2,"storagedrawers:controller_slave":4,"minecraft:dandelion":9,"minecraft:lava_bucket":4,"minecraft:sand":168,"minecraft:white_bed":4,"minecraft:crying_obsidian":2,"minecraft:dark_oak_log":351,"ironfurnaces:copper_furnace":4,"minecraft:emerald":3,"minecraft:oak_sapling":9,"minecraft:coal":260,"minecraft:hopper":15},"minecraft:custom":{"minecraft:mob_kills":23,"minecraft:inspect_hopper":32,"minecraft:interact_with_crafting_table":34,"minecraft:eat_cake_slice":7,"minecraft:leave_game":11,"minecraft:time_since_death":116346,"minecraft:climb_one_cm":605,"minecraft:sprint_one_cm":204655,"minecraft:walk_one_cm":362564,"minecraft:drop":5,"minecraft:talked_to_villager":70,"minecraft:play_time":194916,"minecraft:deaths":1,"minecraft:sneak_time":7968,"minecraft:walk_under_water_one_cm":1232,"minecraft:jump":1336,"minecraft:walk_on_water_one_cm":650,"minecraft:total_world_time":194916,"minecraft:interact_with_furnace":26,"tombstone:raider_killed":2,"minecraft:traded_with_villager":738,"minecraft:interact_with_loom":1,"minecraft:sleep_in_bed":12,"minecraft:time_since_rest":3619,"minecraft:damage_taken":802,"minecraft:damage_dealt":3989,"minecraft:fly_one_cm":559336,"minecraft:open_chest":128,"minecraft:crouch_one_cm":23522,"tombstone:undead_killed":8,"tombstone:villager_killed":1,"minecraft:fall_one_cm":39843},"minecraft:dropped":{"minecraft:enchanted_book":1,"minecraft:emerald":3,"minecraft:dirt":1,"minecraft:composter":1,"minecraft:oak_sapling":4}},"DataVersion":3465}