{"stats":{"minecraft:mined":{"minecraft:white_bed":4,"minecraft:crafting_table":3,"minecraft:grass_block":1,"minecraft:chest":4,"minecraft:furnace":1,"torcherino:compressed_torcherino":2,"minecraft:iron_ore":10,"minecraft:yellow_bed":1,"minecraft:grass":22,"minecraft:oak_log":3,"minecraft:coal_ore":25,"minecraft:dark_oak_sapling":6,"minecraft:stone":16,"minecraft:fern":3},"minecraft:picked_up":{"minecraft:crafting_table":5,"easy_villagers:breeder":2,"minecraft:wooden_pickaxe":1,"minecraft:gold_block":2,"easy_villagers:farmer":6,"minecraft:flint":2,"create:raw_zinc":31,"minecraft:oak_log":8,"minecraft:yellow_bed":1,"minecraft:dirt":14,"minecraft:string":6,"minecraft:raw_copper":27,"minecraft:flint_and_steel":1,"minecraft:apple":15,"minecraft:wheat_seeds":2,"minecraft:gold_nugget":2,"minecraft:iron_ingot":5,"minecraft:poppy":2,"minecraft:bamboo":136,"minecraft:chest":17,"minecraft:oak_planks":4,"torcherino:compressed_torcherino":2,"minecraft:furnace":4,"minecraft:book":1,"easy_villagers:incubator":2,"minecraft:oak_slab":5,"minecraft:dark_oak_sapling":14,"minecraft:stick":19,"minecraft:raw_iron":10,"minecraft:cooked_porkchop":2,"minecraft:composter":3,"easy_villagers:iron_farm":6,"minecraft:fire_charge":1,"minecraft:lava_bucket":2,"minecraft:porkchop":18,"minecraft:sand":168,"tombstone:grave_dust":4,"minecraft:white_bed":4,"minecraft:crying_obsidian":2,"minecraft:dark_oak_log":351,"minecraft:dark_oak_planks":128,"easy_villagers:villager":3,"minecraft:rotten_flesh":8,"create:scoria":1,"ironfurnaces:copper_furnace":2,"minecraft:oak_sapling":4,"minecraft:hopper":3,"minecraft:mutton":8,"minecraft:obsidian":22,"minecraft:cobblestone":127,"minecraft:coal":222,"minecraft:white_wool":3},"minecraft:killed":{"minecraft:pig":6,"minecraft:spider":2,"minecraft:iron_golem":1,"minecraft:sheep":3,"minecraft:zombie":2},"minecraft:crafted":{"minecraft:golden_carrot":48,"minecraft:oak_planks":32,"minecraft:oak_slab":12,"minecraft:emerald":58,"minecraft:cooked_porkchop":6,"minecraft:crafting_table":1,"betterfurnacesreforged:copper_furnace":1,"minecraft:wooden_pickaxe":1,"minecraft:furnace":2,"minecraft:copper_ingot":27,"minecraft:stone":0,"easy_villagers:iron_farm":2,"minecraft:bucket":2,"minecraft:stone_axe":1,"minecraft:air":0,"minecraft:glass_pane":144,"minecraft:cake":1,"minecraft:apple":96,"minecraft:glass":0,"minecraft:hopper":12,"minecraft:cobblestone":0,"minecraft:iron_axe":1,"minecraft:stick":8,"minecraft:iron_ingot":10,"minecraft:stone_pickaxe":1,"easy_villagers:breeder":1,"minecraft:chest":47,"minecraft:white_bed":1,"minecraft:composter":1,"minecraft:dark_oak_planks":440,"create:zinc_ingot":31},"minecraft:broken":{"minecraft:stone_axe":1},"minecraft:dropped":{"minecraft:composter":1,"minecraft:oak_sapling":4},"minecraft:custom":{"minecraft:interact_with_furnace":23,"minecraft:mob_kills":14,"minecraft:inspect_hopper":1,"minecraft:traded_with_villager":99,"minecraft:interact_with_crafting_table":28,"minecraft:interact_with_loom":1,"minecraft:leave_game":6,"minecraft:time_since_death":73962,"minecraft:sleep_in_bed":4,"minecraft:climb_one_cm":605,"minecraft:time_since_rest":15647,"minecraft:sprint_one_cm":78914,"minecraft:damage_taken":322,"minecraft:walk_one_cm":93795,"minecraft:drop":2,"minecraft:damage_dealt":2570,"minecraft:talked_to_villager":19,"minecraft:fly_one_cm":407194,"minecraft:open_chest":51,"minecraft:crouch_one_cm":9014,"minecraft:play_time":73962,"tombstone:undead_killed":2,"minecraft:sneak_time":3662,"minecraft:jump":639,"minecraft:total_world_time":73962,"minecraft:fall_one_cm":23679},"minecraft:used":{"ironfurnaces:copper_furnace":4,"easy_villagers:breeder":4,"minecraft:stone_pickaxe":35,"easy_villagers:farmer":8,"minecraft:chest":22,"minecraft:wooden_pickaxe":20,"minecraft:composter":2,"minecraft:dirt":6,"minecraft:hopper":7,"minecraft:crafting_table":6,"minecraft:carrot":5,"minecraft:white_bed":3,"minecraft:apple":1,"minecraft:dark_oak_planks":1,"easy_villagers:villager":2,"minecraft:iron_axe":18,"create:scoria":1,"easy_villagers:iron_farm":8,"minecraft:stone_axe":34,"minecraft:cobblestone":67,"betterfurnacesreforged:cobblestone_generator":1,"minecraft:cooked_porkchop":4,"minecraft:furnace":4,"minecraft:bucket":2,"easy_villagers:incubator":4,"torcherino:compressed_torcherino":3,"minecraft:dark_oak_sapling":9}},"DataVersion":3465}