{"stats":{"minecraft:broken":{"minecraft:iron_axe":1},"minecraft:picked_up":{"minecraft:crafting_table":2,"minecraft:clay_ball":16,"betterfurnacesreforged:cobblestone_generator":2,"minecraft:lead":2,"simplevillagers:iron_farm_block":77,"minecraft:gold_block":1,"minecraft:golden_shovel":1,"minecraft:brewing_stand":1,"minecraft:red_bed":1,"minecraft:raw_copper":14,"minecraft:item_frame":70,"minecraft:blackstone":65,"minecraft:cartography_table":1,"minecraft:gold_nugget":1,"minecraft:comparator":3,"minecraft:beef":9,"minecraft:redstone_torch":2,"minecraft:poppy":5126,"minecraft:lectern":1,"minecraft:sugar_cane":22,"minecraft:chest":11,"omnihopper:omnihopper":32,"minecraft:dark_oak_sapling":21,"minecraft:stick":44,"torcherino:double_compressed_torcherino":5,"minecraft:composter":3,"minecraft:torch":2,"minecraft:acacia_log":2,"minecraft:porkchop":15,"minecraft:carrot":6,"minecraft:redstone":41,"minecraft:dark_oak_planks":56,"minecraft:zombie_spawn_egg":2,"minecraft:orange_bed":3,"minecraft:arrow":7,"minecraft:stone_shovel":1,"minecraft:rotten_flesh":35,"minecraft:beetroot_seeds":1,"minecraft:hay_block":47,"simplevillagers:villager_item":32,"minecraft:obsidian":11,"minecraft:mutton":6,"minecraft:white_wool":3,"minecraft:cobblestone":6,"minecraft:oxeye_daisy":1,"minecraft:magma_block":1,"minecraft:clock":65,"minecraft:repeater":1,"minecraft:golden_carrot":64,"minecraft:water_bucket":1,"minecraft:leather":4,"minecraft:smoker":2,"minecraft:potato":1,"minecraft:oak_log":27,"minecraft:yellow_bed":3,"minecraft:gunpowder":5,"minecraft:dirt":278,"minecraft:bone":4,"minecraft:apple":115,"minecraft:bow":1,"minecraft:stonecutter":1,"minecraft:wheat_seeds":74,"minecraft:stone_pickaxe":2,"minecraft:iron_ingot":8124,"uncrafter:uncrafter":1,"toms_storage:ts.inventory_cable_connector_filtered":1,"minecraft:glowstone_dust":2,"minecraft:oak_planks":4,"minecraft:book":64,"simplevillagers:breeder_block":68,"simplevillagers:incubator_block":64,"simplevillagers:converter_block":64,"minecraft:quartz":27,"minecraft:dandelion":3,"minecraft:poisonous_potato":52,"minecraft:lava_bucket":1,"minecraft:sand":1,"minecraft:crying_obsidian":1,"minecraft:dark_oak_log":402,"toms_storage:ts.tag_item_filter":1,"minecraft:diamond_axe":1,"simplevillagers:trading_block":64,"minecraft:bread":4,"minecraft:terracotta":2,"minecraft:oak_sapling":25,"minecraft:netherrack":18,"minecraft:hopper":7,"betterfurnacesreforged:diamond_forge":1},"minecraft:mined":{"simplevillagers:iron_farm_block":13,"minecraft:oak_sapling":1,"betterfurnacesreforged:cobblestone_generator":2,"minecraft:grass_block":99,"uncrafter:uncrafter":1,"torcherino:double_compressed_torcherino":3,"minecraft:cartography_table":1,"minecraft:composter":3,"minecraft:hopper":7,"minecraft:oxeye_daisy":1,"minecraft:glowstone":1,"simplevillagers:breeder_block":4,"minecraft:carrots":6,"minecraft:bookshelf":21,"minecraft:potatoes":1,"torcherino:wall_double_compressed_torcherino":1,"minecraft:stone":2,"omnihopper:omnihopper":41,"minecraft:orange_bed":3,"minecraft:red_bed":1,"minecraft:dandelion":4,"minecraft:crafting_table":1,"minecraft:cornflower":1,"minecraft:torch":2,"minecraft:chest":11,"minecraft:dead_bush":9,"minecraft:lectern":1,"minecraft:nether_quartz_ore":16,"minecraft:tall_grass":1,"minecraft:cobblestone":1,"minecraft:sugar_cane":17,"minecraft:wheat":56,"minecraft:yellow_bed":3,"minecraft:grass":70,"minecraft:beetroots":1,"minecraft:dark_oak_sapling":1,"minecraft:sand":1,"minecraft:dirt":51,"minecraft:netherrack":8},"minecraft:killed_by":{"minecraft:creeper":1,"minecraft:skeleton":1,"minecraft:zombie":3},"minecraft:used":{"minecraft:flint_and_steel":1,"toms_storage:ts.inventory_proxy":3,"minecraft:redstone":82,"omnihopper:omnihopper":246,"minecraft:chest":629,"minecraft:stone":173,"toms_storage:ts.paint_kit":141,"toms_storage:ts.storage_terminal":4,"minecraft:netherrack":9,"minecraft:brewing_stand":1,"toms_storage:ts.crafting_terminal":7,"minecraft:dirt":787,"minecraft:anvil":2,"simplevillagers:breeder_block":6,"minecraft:hopper":97,"toms_storage:ts.inventory_cable":31,"toms_storage:ts.inventory_hopper_basic":18,"toms_storage:ts.trim":79,"toms_storage:ts.open_crate":5,"simplevillagers:incubator_block":2,"torcherino:double_compressed_torcherino":12,"minecraft:obsidian":16,"minecraft:dark_oak_planks":1,"minecraft:lava_bucket":4,"minecraft:glass":35,"toms_storage:ts.inventory_cable_connector":140,"minecraft:wooden_axe":1,"betterfurnacesreforged:diamond_forge":4,"minecraft:bookshelf":17,"minecraft:lantern":6,"minecraft:iron_axe":17,"minecraft:grass_block":209,"minecraft:barrel":30,"minecraft:item_frame":117,"minecraft:repeater":22,"minecraft:glowstone":12,"minecraft:oak_sapling":2,"betterfurnacesreforged:cobblestone_generator":3,"minecraft:beetroot_seeds":1,"minecraft:dark_oak_sapling":17,"torcherino:compressed_torcherino":1,"minecraft:water_bucket":3,"toms_storage:ts.inventory_cable_connector_framed":74,"toms_storage:ts.inventory_cable_connector_filtered":295,"uncrafter:uncrafter":2,"minecraft:dropper":7,"simplevillagers:villager_item":18,"toms_storage:ts.inventory_connector":12,"minecraft:oak_planks":4,"minecraft:blackstone":15,"minecraft:composter":2,"minecraft:diamond_axe":20,"minecraft:fletching_table":1,"minecraft:glow_item_frame":8,"minecraft:terracotta":1,"minecraft:comparator":23,"minecraft:crafting_table":3,"minecraft:blast_furnace":1,"minecraft:redstone_torch":18,"minecraft:diamond_pickaxe":108,"minecraft:flower_pot":4,"minecraft:apple":2,"minecraft:diamond_shovel":96,"minecraft:dark_oak_log":20,"minecraft:bread":30,"minecraft:lectern":2,"simplevillagers:iron_farm_block":36,"minecraft:stone_axe":137,"minecraft:diamond_sword":79,"minecraft:cobblestone":58,"minecraft:grindstone":1,"minecraft:smithing_table":1,"toms_storage:ts.inventory_cable_framed":145,"minecraft:yellow_bed":3},"minecraft:custom":{"minecraft:interact_with_smithing_table":2,"minecraft:inspect_dropper":2,"minecraft:interact_with_anvil":1,"minecraft:mob_kills":60,"minecraft:inspect_hopper":96,"minecraft:interact_with_crafting_table":22,"minecraft:open_barrel":7,"minecraft:leave_game":14,"minecraft:time_since_death":202756,"minecraft:climb_one_cm":152,"minecraft:sprint_one_cm":316381,"minecraft:walk_one_cm":907567,"minecraft:drop":156,"minecraft:talked_to_villager":202,"minecraft:play_time":467449,"minecraft:deaths":5,"minecraft:sneak_time":33311,"minecraft:walk_under_water_one_cm":6292,"minecraft:jump":2640,"minecraft:walk_on_water_one_cm":19120,"minecraft:total_world_time":467449,"minecraft:interact_with_furnace":7,"minecraft:traded_with_villager":5938,"minecraft:interact_with_cartography_table":1,"minecraft:pot_flower":7,"minecraft:interact_with_grindstone":1,"minecraft:sleep_in_bed":14,"minecraft:time_since_rest":171468,"minecraft:damage_taken":2440,"minecraft:damage_dealt":10031,"minecraft:swim_one_cm":5907,"minecraft:fly_one_cm":1431037,"minecraft:open_chest":775,"minecraft:crouch_one_cm":106361,"minecraft:fall_one_cm":31567},"minecraft:dropped":{"minecraft:iron_ingot":179,"toms_storage:ts.inventory_cable_connector_filtered":1,"minecraft:dark_oak_log":3,"minecraft:poppy":5462,"minecraft:stone_pickaxe":1},"minecraft:killed":{"minecraft:zombified_piglin":2,"minecraft:spider":1,"minecraft:skeleton":6,"minecraft:pig":7,"minecraft:zombie_villager":1,"minecraft:iron_golem":1,"minecraft:wandering_trader":1,"minecraft:creeper":4,"minecraft:sheep":3,"minecraft:trader_llama":2,"minecraft:zombie":25,"minecraft:cow":4},"minecraft:crafted":{"minecraft:golden_carrot":630,"minecraft:obsidian":0,"minecraft:cookie":144,"minecraft:oak_planks":108,"minecraft:redstone":938,"minecraft:stone_shovel":10,"minecraft:experience_bottle":34,"minecraft:stone":0,"minecraft:diamond_shovel":1,"minecraft:bookshelf":109,"minecraft:suspicious_stew":1,"minecraft:hopper":35,"minecraft:glass":1280,"minecraft:lantern":11,"minecraft:diamond_helmet":1,"minecraft:diamond_leggings":1,"minecraft:iron_boots":10,"minecraft:iron_axe":7,"minecraft:comparator":10,"minecraft:ender_pearl":12,"omnihopper:omnihopper":3,"minecraft:chest":116,"minecraft:diamond_boots":1,"toms_storage:ts.inventory_connector":2,"minecraft:dark_oak_planks":1984,"minecraft:stone_hoe":10,"minecraft:chainmail_leggings":13,"minecraft:wheat":423,"minecraft:diamond_sword":1,"minecraft:emerald":4050,"minecraft:diamond_axe":1,"minecraft:crafting_table":1,"travelersbackpack:standard":1,"minecraft:iron_helmet":11,"minecraft:iron_sword":10,"minecraft:clock":48,"minecraft:dark_oak_button":64,"minecraft:glowstone":32,"minecraft:enchanted_book":3,"minecraft:bread":465,"minecraft:air":0,"minecraft:apple":928,"minecraft:lectern":31,"minecraft:dark_oak_slab":126,"minecraft:iron_chestplate":1,"minecraft:cobblestone":0,"minecraft:diamond_pickaxe":5,"minecraft:shield":1,"minecraft:stick":1900,"minecraft:iron_pickaxe":1,"minecraft:compass":1,"minecraft:blackstone":0,"minecraft:iron_block":7,"minecraft:iron_leggings":11,"minecraft:anvil":2,"minecraft:redstone_torch":64,"minecraft:lapis_lazuli":256,"minecraft:diamond_chestplate":1}},"DataVersion":3465}