{"stats":{"minecraft:mined":{"minecraft:coal_ore":9,"minecraft:grass":7,"minecraft:grass_block":1,"minecraft:oak_log":3,"minecraft:stone":8,"minecraft:crafting_table":1,"minecraft:fern":3},"minecraft:picked_up":{"minecraft:crafting_table":1,"minecraft:wheat_seeds":1,"minecraft:porkchop":6,"minecraft:oak_log":3,"minecraft:bamboo":72,"minecraft:coal":9,"minecraft:cobblestone":50},"minecraft:custom":{"minecraft:interact_with_furnace":1,"minecraft:time_since_rest":25155,"minecraft:crouch_one_cm":2232,"minecraft:sprint_one_cm":19321,"minecraft:play_time":25155,"minecraft:damage_taken":40,"minecraft:walk_one_cm":13146,"minecraft:sneak_time":779,"minecraft:mob_kills":3,"minecraft:jump":147,"minecraft:damage_dealt":300,"minecraft:leave_game":5,"minecraft:time_since_death":25155,"minecraft:climb_one_cm":36,"minecraft:total_world_time":25155,"minecraft:interact_with_crafting_table":5,"minecraft:fly_one_cm":38879,"minecraft:fall_one_cm":6176},"minecraft:killed":{"minecraft:pig":3},"minecraft:used":{"minecraft:stone_axe":4,"minecraft:crafting_table":2,"minecraft:furnace":1,"minecraft:wooden_pickaxe":20},"minecraft:crafted":{"minecraft:furnace":1,"minecraft:oak_planks":12,"minecraft:stone_axe":1,"minecraft:crafting_table":1,"minecraft:stick":8,"minecraft:wooden_pickaxe":1,"minecraft:stone_pickaxe":1}},"DataVersion":3465}