{"stats":{"minecraft:used":{"minecraft:chest":16,"minecraft:wooden_pickaxe":3,"minecraft:dirt":48,"minecraft:hopper":2,"minecraft:crafting_table":4,"minecraft:red_bed":2,"minecraft:snowball":16,"minecraft:obsidian":3,"minecraft:bread":4,"simplevillagers:iron_farm_block":4,"minecraft:stone_axe":60,"minecraft:cobblestone":7,"travelersbackpack:standard":1,"minecraft:furnace":7,"minecraft:bucket":2,"minecraft:cooked_beef":1,"torcherino:compressed_torcherino":2,"minecraft:dark_oak_sapling":6},"minecraft:picked_up":{"minecraft:crafting_table":3,"minecraft:azure_bluet":2,"minecraft:leather":2,"minecraft:smithing_table":2,"minecraft:smoker":1,"minecraft:potato":1,"simplevillagers:iron_farm_block":4,"minecraft:oak_log":4,"minecraft:cornflower":2,"minecraft:blue_bed":5,"minecraft:dirt":324,"minecraft:red_bed":2,"minecraft:raw_copper":37,"minecraft:smooth_stone_slab":2,"minecraft:stonecutter":1,"minecraft:wheat_seeds":12,"minecraft:smooth_stone":1,"minecraft:spruce_planks":1,"minecraft:beef":8,"minecraft:grindstone":2,"minecraft:iron_ingot":189,"minecraft:poppy":60,"minecraft:light_gray_wool":1,"minecraft:sugar_cane":18,"minecraft:chest":3,"torcherino:compressed_torcherino":1,"minecraft:furnace":7,"minecraft:dark_oak_sapling":5,"minecraft:stick":9,"minecraft:pumpkin":1,"simplevillagers:converter_block":2,"minecraft:dandelion":15,"minecraft:blast_furnace":1,"minecraft:white_bed":2,"minecraft:spider_eye":1,"minecraft:dark_oak_log":81,"minecraft:arrow":2,"minecraft:rotten_flesh":15,"simplevillagers:trading_block":2,"simplevillagers:villager_item":5,"minecraft:oxeye_daisy":1,"minecraft:oak_sapling":4,"minecraft:dark_oak_fence":1,"minecraft:mutton":1,"minecraft:obsidian":3,"minecraft:coal":79,"minecraft:snowball":16,"minecraft:cobblestone":42},"minecraft:killed":{"minecraft:spider":1,"minecraft:iron_golem":1,"minecraft:skeleton":1,"minecraft:zombie":7,"minecraft:cow":4},"minecraft:killed_by":{"minecraft:creeper":2,"minecraft:spider":1,"minecraft:zombie":2},"minecraft:custom":{"minecraft:interact_with_furnace":22,"minecraft:mob_kills":15,"minecraft:interact_with_crafting_table":6,"minecraft:leave_game":13,"minecraft:time_since_death":33722,"minecraft:sleep_in_bed":4,"minecraft:time_since_rest":8031,"minecraft:sprint_one_cm":93830,"minecraft:damage_taken":1519,"minecraft:walk_one_cm":94856,"minecraft:drop":1,"minecraft:damage_dealt":2920,"minecraft:talked_to_villager":4,"minecraft:fly_one_cm":165004,"minecraft:open_chest":29,"minecraft:crouch_one_cm":3870,"minecraft:play_time":67517,"minecraft:deaths":5,"minecraft:sneak_time":1533,"minecraft:jump":617,"minecraft:interact_with_blast_furnace":1,"minecraft:walk_on_water_one_cm":133,"minecraft:total_world_time":67517,"minecraft:fall_one_cm":18731},"minecraft:crafted":{"minecraft:cooked_beef":8,"minecraft:oak_planks":16,"minecraft:oak_slab":6,"minecraft:crafting_table":1,"minecraft:wooden_pickaxe":1,"minecraft:stone_axe":1,"minecraft:cooked_mutton":1,"minecraft:air":0,"minecraft:leather":13,"minecraft:stick":8,"minecraft:stone_pickaxe":1,"minecraft:chest":21,"minecraft:dark_oak_planks":168},"minecraft:broken":{"minecraft:stone_axe":1},"minecraft:dropped":{"minecraft:dark_oak_fence":1},"minecraft:mined":{"minecraft:white_bed":2,"minecraft:red_bed":2,"minecraft:dandelion":4,"minecraft:crafting_table":2,"minecraft:chest":2,"minecraft:spruce_leaves":2,"minecraft:sugar_cane":8,"minecraft:blue_bed":4,"minecraft:large_fern":5,"torcherino:compressed_torcherino":1,"minecraft:pumpkin":1,"minecraft:azure_bluet":2,"minecraft:grass":19,"minecraft:oak_log":4,"minecraft:coal_ore":2,"minecraft:dark_oak_sapling":1,"minecraft:stone":1,"minecraft:oak_leaves":4}},"DataVersion":3465}