{"stats":{"minecraft:dropped":{"minecraft:dark_oak_fence":1},"minecraft:picked_up":{"minecraft:crafting_table":3,"minecraft:azure_bluet":2,"minecraft:leather":2,"minecraft:smithing_table":2,"minecraft:smoker":1,"minecraft:potato":1,"simplevillagers:iron_farm_block":4,"minecraft:oak_log":4,"minecraft:cornflower":2,"minecraft:dirt":331,"minecraft:blue_bed":5,"minecraft:red_bed":2,"minecraft:raw_copper":37,"minecraft:smooth_stone_slab":2,"minecraft:item_frame":2,"minecraft:stonecutter":1,"minecraft:wheat_seeds":15,"minecraft:smooth_stone":1,"minecraft:spruce_planks":1,"minecraft:beef":8,"minecraft:grindstone":2,"minecraft:iron_ingot":189,"minecraft:poppy":60,"minecraft:light_gray_wool":1,"minecraft:sugar_cane":18,"minecraft:chest":3,"torcherino:compressed_torcherino":3,"minecraft:furnace":7,"minecraft:dark_oak_sapling":14,"minecraft:stick":13,"minecraft:pumpkin":1,"simplevillagers:converter_block":2,"minecraft:dandelion":15,"minecraft:blast_furnace":1,"minecraft:white_bed":2,"minecraft:dark_oak_log":117,"minecraft:spider_eye":1,"minecraft:arrow":2,"minecraft:rotten_flesh":15,"minecraft:diamond_axe":1,"simplevillagers:trading_block":2,"simplevillagers:villager_item":5,"minecraft:oak_sapling":4,"minecraft:dark_oak_fence":1,"minecraft:obsidian":3,"minecraft:mutton":1,"minecraft:coal":79,"minecraft:snowball":16,"minecraft:cobblestone":49,"minecraft:oxeye_daisy":1},"minecraft:used":{"minecraft:stone_pickaxe":1,"minecraft:chest":23,"minecraft:wooden_pickaxe":5,"minecraft:diamond_axe":1,"minecraft:dirt":52,"minecraft:hopper":9,"minecraft:crafting_table":4,"minecraft:red_bed":2,"minecraft:snowball":16,"minecraft:obsidian":3,"minecraft:flower_pot":2,"minecraft:dark_oak_log":1,"minecraft:bread":4,"simplevillagers:converter_block":1,"minecraft:item_frame":2,"simplevillagers:iron_farm_block":4,"minecraft:stone_axe":60,"minecraft:cobblestone":7,"travelersbackpack:standard":1,"minecraft:furnace":7,"minecraft:bucket":2,"minecraft:cooked_beef":1,"torcherino:compressed_torcherino":4,"minecraft:dark_oak_sapling":6},"minecraft:killed":{"minecraft:spider":1,"minecraft:iron_golem":1,"minecraft:skeleton":1,"minecraft:zombie":7,"minecraft:cow":4},"minecraft:crafted":{"minecraft:cooked_beef":8,"minecraft:oak_planks":16,"minecraft:oak_slab":6,"minecraft:crafting_table":1,"minecraft:wooden_pickaxe":1,"minecraft:stone_axe":1,"minecraft:cooked_mutton":1,"minecraft:air":0,"minecraft:leather":13,"minecraft:stick":8,"minecraft:stone_pickaxe":1,"minecraft:chest":21,"minecraft:dark_oak_planks":168},"minecraft:broken":{"minecraft:stone_axe":1},"minecraft:mined":{"minecraft:white_bed":2,"minecraft:red_bed":2,"minecraft:dandelion":4,"minecraft:crafting_table":2,"minecraft:grass_block":2,"minecraft:chest":2,"minecraft:cobblestone":2,"minecraft:spruce_leaves":2,"minecraft:sugar_cane":8,"minecraft:blue_bed":4,"minecraft:large_fern":5,"minecraft:potted_dark_oak_sapling":1,"torcherino:compressed_torcherino":3,"minecraft:pumpkin":1,"minecraft:azure_bluet":2,"minecraft:grass":26,"minecraft:oak_log":4,"minecraft:coal_ore":2,"minecraft:dark_oak_sapling":2,"minecraft:dirt":5,"minecraft:stone":1,"minecraft:oak_leaves":4},"minecraft:custom":{"minecraft:interact_with_furnace":22,"minecraft:mob_kills":15,"minecraft:inspect_hopper":4,"minecraft:interact_with_crafting_table":6,"minecraft:pot_flower":3,"minecraft:leave_game":15,"minecraft:time_since_death":42947,"minecraft:sleep_in_bed":4,"minecraft:time_since_rest":17256,"minecraft:sprint_one_cm":99676,"minecraft:damage_taken":1519,"minecraft:walk_one_cm":116566,"minecraft:drop":1,"minecraft:damage_dealt":2920,"minecraft:fly_one_cm":167259,"minecraft:talked_to_villager":4,"minecraft:open_chest":64,"minecraft:crouch_one_cm":5109,"minecraft:play_time":76742,"minecraft:deaths":5,"minecraft:sneak_time":2048,"minecraft:jump":647,"minecraft:interact_with_blast_furnace":1,"minecraft:walk_on_water_one_cm":133,"minecraft:total_world_time":76742,"minecraft:fall_one_cm":18731},"minecraft:killed_by":{"minecraft:creeper":2,"minecraft:spider":1,"minecraft:zombie":2}},"DataVersion":3465}