{"stats":{"minecraft:used":{"minecraft:chest":1,"minecraft:wooden_pickaxe":3,"minecraft:dirt":33,"minecraft:crafting_table":3,"minecraft:red_bed":2,"minecraft:snowball":16,"minecraft:obsidian":3,"minecraft:bread":3,"minecraft:stone_axe":47,"minecraft:cobblestone":7,"travelersbackpack:standard":1,"minecraft:furnace":7,"minecraft:bucket":2,"minecraft:cooked_beef":1},"minecraft:mined":{"minecraft:white_bed":2,"minecraft:red_bed":2,"minecraft:crafting_table":1,"minecraft:chest":1,"minecraft:spruce_leaves":2,"minecraft:sugar_cane":8,"minecraft:blue_bed":4,"minecraft:large_fern":5,"minecraft:pumpkin":1,"minecraft:oak_log":4,"minecraft:coal_ore":2,"minecraft:stone":1,"minecraft:oak_leaves":4},"minecraft:picked_up":{"minecraft:crafting_table":2,"minecraft:leather":2,"minecraft:smithing_table":2,"minecraft:smoker":1,"minecraft:potato":1,"minecraft:oak_log":4,"minecraft:blue_bed":5,"minecraft:dirt":36,"minecraft:red_bed":2,"minecraft:raw_copper":37,"minecraft:smooth_stone_slab":2,"minecraft:stonecutter":1,"minecraft:smooth_stone":1,"minecraft:spruce_planks":1,"minecraft:beef":8,"minecraft:grindstone":2,"minecraft:iron_ingot":4,"minecraft:poppy":2,"minecraft:light_gray_wool":1,"minecraft:chest":1,"minecraft:sugar_cane":18,"minecraft:furnace":7,"minecraft:pumpkin":1,"minecraft:blast_furnace":1,"minecraft:white_bed":2,"minecraft:arrow":2,"minecraft:rotten_flesh":13,"minecraft:oak_sapling":4,"minecraft:mutton":1,"minecraft:obsidian":3,"minecraft:coal":79,"minecraft:snowball":16,"minecraft:cobblestone":42},"minecraft:killed_by":{"minecraft:creeper":2,"minecraft:spider":1,"minecraft:zombie":2},"minecraft:killed":{"minecraft:iron_golem":1,"minecraft:skeleton":1,"minecraft:zombie":6,"minecraft:cow":4},"minecraft:crafted":{"minecraft:cooked_beef":1,"minecraft:oak_slab":6,"minecraft:oak_planks":16,"minecraft:crafting_table":1,"minecraft:wooden_pickaxe":1,"minecraft:stone_axe":1,"minecraft:cooked_mutton":1,"minecraft:air":0,"minecraft:leather":3,"minecraft:stick":8,"minecraft:stone_pickaxe":1},"minecraft:custom":{"minecraft:interact_with_furnace":8,"minecraft:mob_kills":13,"minecraft:interact_with_crafting_table":4,"minecraft:leave_game":10,"minecraft:time_since_death":10494,"minecraft:sleep_in_bed":2,"minecraft:time_since_rest":8635,"minecraft:sprint_one_cm":63729,"minecraft:damage_taken":1519,"minecraft:walk_one_cm":46695,"minecraft:damage_dealt":2750,"minecraft:talked_to_villager":4,"minecraft:fly_one_cm":151905,"minecraft:open_chest":4,"minecraft:crouch_one_cm":1969,"minecraft:play_time":44289,"minecraft:deaths":5,"minecraft:sneak_time":897,"minecraft:jump":537,"minecraft:interact_with_blast_furnace":1,"minecraft:walk_on_water_one_cm":133,"minecraft:total_world_time":44289,"minecraft:fall_one_cm":17419}},"DataVersion":3465}