{"stats":{"minecraft:broken":{"minecraft:iron_axe":1,"minecraft:stone_axe":1},"minecraft:mined":{"minecraft:white_bed":4,"minecraft:grass_block":7,"minecraft:furnace":1,"minecraft:iron_ore":10,"minecraft:fire":1,"torcherino:wall_compressed_torcherino":1,"minecraft:stone":16,"minecraft:crafting_table":3,"minecraft:poppy":1,"minecraft:chest":4,"easy_villagers:farmer":2,"minecraft:tall_grass":2,"minecraft:cobblestone":34,"torcherino:compressed_torcherino":2,"minecraft:yellow_bed":2,"minecraft:grass":48,"minecraft:oak_log":3,"minecraft:coal_ore":25,"minecraft:dark_oak_sapling":6,"minecraft:dirt":6,"minecraft:fern":3},"minecraft:used":{"ironfurnaces:copper_furnace":4,"easy_villagers:breeder":4,"minecraft:redstone":10,"minecraft:chest":29,"minecraft:stone":3,"refinedstorage:creative_controller":1,"storagedrawers:dark_oak_full_drawers_4":143,"minecraft:dirt":42,"minecraft:hopper":10,"minecraft:carrot":10,"torcherino:double_compressed_torcherino":1,"minecraft:dark_oak_planks":1,"minecraft:lava_bucket":1,"minecraft:iron_axe":27,"storagedrawers:controller":1,"create:scoria":1,"refinedstorage:external_storage":1,"easy_villagers:iron_farm":8,"minecraft:repeater":2,"betterfurnacesreforged:cobblestone_generator":1,"minecraft:furnace":4,"storagedrawers:dark_oak_trim":15,"tombstone:gift":4,"easy_villagers:incubator":4,"torcherino:compressed_torcherino":4,"minecraft:dark_oak_sapling":9,"minecraft:dropper":5,"storagedrawers:compacting_drawers_3":13,"minecraft:stone_pickaxe":66,"easy_villagers:farmer":10,"minecraft:wooden_pickaxe":20,"minecraft:composter":2,"minecraft:comparator":1,"minecraft:crafting_table":6,"minecraft:white_bed":3,"minecraft:cake":1,"easy_villagers:villager":4,"refinedstorage:cable":1,"minecraft:apple":1,"minecraft:iron_pickaxe":5,"refinedstorage:crafting_grid":1,"storagedrawers:controller_slave":2,"minecraft:stone_axe":34,"minecraft:fire_charge":1,"minecraft:cobblestone":69,"minecraft:cooked_porkchop":4,"minecraft:bucket":3,"minecraft:yellow_bed":1,"storagedrawers:drawer_key":3,"storagedrawers:dark_oak_full_drawers_1":83},"minecraft:crafted":{"minecraft:golden_carrot":66,"minecraft:cookie":144,"minecraft:oak_planks":56,"betterfurnacesreforged:copper_furnace":1,"storagedrawers:dark_oak_full_drawers_1":17,"minecraft:furnace":2,"minecraft:stone":0,"easy_villagers:iron_farm":2,"minecraft:glass_pane":144,"minecraft:cake":1,"minecraft:glass":0,"minecraft:hopper":12,"minecraft:iron_axe":2,"minecraft:stone_pickaxe":1,"minecraft:chest":47,"minecraft:dark_oak_planks":512,"minecraft:oak_slab":12,"minecraft:emerald":241,"minecraft:cooked_porkchop":6,"minecraft:crafting_table":1,"minecraft:wooden_pickaxe":1,"minecraft:copper_ingot":27,"minecraft:bucket":2,"minecraft:stone_axe":1,"minecraft:air":0,"minecraft:apple":120,"minecraft:cobblestone":0,"minecraft:stick":64,"minecraft:iron_ingot":10,"minecraft:iron_pickaxe":1,"easy_villagers:breeder":1,"minecraft:white_bed":1,"minecraft:composter":1,"create:zinc_ingot":31,"minecraft:packed_ice":37},"minecraft:killed":{"minecraft:spider":2,"minecraft:skeleton":1,"minecraft:pig":6,"minecraft:iron_golem":1,"minecraft:sheep":3,"minecraft:zombie":6},"minecraft:killed_by":{"minecraft:skeleton":1},"minecraft:picked_up":{"minecraft:crafting_table":5,"storagedrawers:dark_oak_trim":5,"easy_villagers:breeder":2,"minecraft:wooden_pickaxe":2,"minecraft:enchanted_book":1,"minecraft:gold_block":2,"minecraft:cornflower":1,"minecraft:string":9,"minecraft:raw_copper":27,"minecraft:flint_and_steel":2,"minecraft:gold_nugget":2,"minecraft:bucket":1,"storagedrawers:dark_oak_full_drawers_4":3,"minecraft:poppy":21,"minecraft:chest":33,"minecraft:egg":1,"minecraft:furnace":4,"storagedrawers:dark_oak_full_drawers_1":7,"easy_villagers:incubator":2,"minecraft:dark_oak_sapling":14,"minecraft:stick":21,"minecraft:raw_iron":10,"minecraft:composter":3,"minecraft:porkchop":24,"minecraft:fire_charge":1,"easy_villagers:iron_farm":6,"tombstone:grave_dust":4,"minecraft:carrot":48,"minecraft:dark_oak_planks":128,"easy_villagers:villager":3,"minecraft:zombie_spawn_egg":2,"minecraft:arrow":2,"minecraft:rotten_flesh":29,"create:scoria":1,"minecraft:mutton":8,"minecraft:obsidian":22,"minecraft:cobblestone":162,"minecraft:white_wool":3,"minecraft:golden_carrot":56,"easy_villagers:farmer":8,"minecraft:flint":2,"create:raw_zinc":31,"minecraft:oak_log":14,"minecraft:yellow_bed":2,"minecraft:dirt":508,"minecraft:bone":2,"minecraft:apple":86,"minecraft:wheat_seeds":21,"minecraft:iron_ingot":5,"minecraft:bamboo":200,"minecraft:oak_planks":4,"torcherino:compressed_torcherino":3,"minecraft:book":2,"minecraft:oak_slab":5,"minecraft:cooked_porkchop":2,"minecraft:dandelion":9,"minecraft:lava_bucket":2,"minecraft:sand":168,"minecraft:white_bed":4,"minecraft:crying_obsidian":2,"minecraft:dark_oak_log":351,"ironfurnaces:copper_furnace":2,"minecraft:oak_sapling":7,"minecraft:coal":222,"minecraft:hopper":11},"minecraft:custom":{"minecraft:mob_kills":19,"minecraft:inspect_hopper":3,"minecraft:interact_with_crafting_table":33,"minecraft:eat_cake_slice":7,"minecraft:leave_game":11,"minecraft:time_since_death":81882,"minecraft:climb_one_cm":605,"minecraft:sprint_one_cm":143713,"minecraft:walk_one_cm":264870,"minecraft:drop":3,"minecraft:talked_to_villager":58,"minecraft:play_time":160452,"minecraft:deaths":1,"minecraft:sneak_time":5308,"minecraft:jump":1001,"minecraft:total_world_time":160452,"minecraft:interact_with_furnace":24,"tombstone:raider_killed":2,"minecraft:traded_with_villager":339,"minecraft:interact_with_loom":1,"minecraft:sleep_in_bed":9,"minecraft:time_since_rest":5176,"minecraft:damage_taken":729,"minecraft:damage_dealt":3168,"minecraft:fly_one_cm":464525,"minecraft:open_chest":114,"minecraft:crouch_one_cm":13353,"tombstone:undead_killed":7,"minecraft:fall_one_cm":33395},"minecraft:dropped":{"minecraft:enchanted_book":1,"minecraft:composter":1,"minecraft:oak_sapling":4}},"DataVersion":3465}