{"stats":{"minecraft:picked_up":{"minecraft:crafting_table":2,"minecraft:pumpkin":1,"minecraft:leather":1,"minecraft:smithing_table":2,"minecraft:smoker":1,"minecraft:oak_log":4,"minecraft:blast_furnace":1,"minecraft:white_bed":2,"minecraft:dirt":36,"minecraft:red_bed":2,"minecraft:blue_bed":5,"minecraft:raw_copper":37,"minecraft:smooth_stone_slab":2,"minecraft:rotten_flesh":5,"minecraft:stonecutter":1,"minecraft:smooth_stone":1,"minecraft:spruce_planks":1,"minecraft:iron_ingot":4,"minecraft:beef":1,"minecraft:grindstone":2,"minecraft:poppy":2,"minecraft:obsidian":3,"minecraft:light_gray_wool":1,"minecraft:oak_sapling":4,"minecraft:chest":1,"minecraft:sugar_cane":18,"minecraft:mutton":1,"minecraft:coal":79,"minecraft:snowball":16,"minecraft:cobblestone":42,"minecraft:furnace":7},"minecraft:crafted":{"minecraft:oak_planks":16,"minecraft:crafting_table":1,"minecraft:stick":8,"minecraft:wooden_pickaxe":1,"minecraft:stone_pickaxe":1,"minecraft:stone_axe":1},"minecraft:mined":{"minecraft:large_fern":5,"minecraft:white_bed":2,"minecraft:red_bed":2,"minecraft:pumpkin":1,"minecraft:crafting_table":1,"minecraft:oak_log":4,"minecraft:coal_ore":2,"minecraft:chest":1,"minecraft:spruce_leaves":2,"minecraft:stone":1,"minecraft:sugar_cane":8,"minecraft:oak_leaves":4,"minecraft:blue_bed":4},"minecraft:killed_by":{"minecraft:creeper":2,"minecraft:zombie":1,"minecraft:spider":1},"minecraft:killed":{"minecraft:zombie":1,"minecraft:iron_golem":1,"minecraft:cow":1},"minecraft:used":{"minecraft:bread":3,"minecraft:wooden_pickaxe":3,"minecraft:stone_axe":32,"travelersbackpack:standard":1,"minecraft:crafting_table":2,"minecraft:red_bed":1,"minecraft:furnace":1,"minecraft:bucket":2,"minecraft:snowball":16,"minecraft:obsidian":3},"minecraft:custom":{"minecraft:time_since_rest":219,"minecraft:sprint_one_cm":60591,"minecraft:damage_taken":1279,"minecraft:walk_one_cm":35289,"minecraft:mob_kills":4,"minecraft:damage_dealt":1588,"minecraft:interact_with_crafting_table":2,"minecraft:talked_to_villager":4,"minecraft:fly_one_cm":142142,"minecraft:open_chest":4,"minecraft:crouch_one_cm":1659,"minecraft:play_time":33099,"minecraft:deaths":4,"minecraft:sneak_time":820,"minecraft:jump":465,"minecraft:sleep_in_bed":1,"minecraft:walk_on_water_one_cm":133,"minecraft:interact_with_blast_furnace":1,"minecraft:leave_game":7,"minecraft:time_since_death":191,"minecraft:total_world_time":33099,"minecraft:fall_one_cm":15271}},"DataVersion":3465}