{"stats":{"minecraft:mined":{"minecraft:grass_block":1},"minecraft:picked_up":{"minecraft:bamboo":72},"minecraft:custom":{"minecraft:jump":48,"minecraft:time_since_rest":11518,"minecraft:leave_game":4,"minecraft:play_time":11518,"minecraft:sprint_one_cm":5342,"minecraft:damage_taken":20,"minecraft:time_since_death":11518,"minecraft:walk_one_cm":3648,"minecraft:sneak_time":34,"minecraft:total_world_time":11518,"minecraft:climb_one_cm":28,"minecraft:fall_one_cm":1298,"minecraft:fly_one_cm":16735}},"DataVersion":3465}