{"stats":{"minecraft:broken":{"minecraft:iron_axe":1},"minecraft:custom":{"minecraft:interact_with_smithing_table":2,"minecraft:interact_with_furnace":6,"minecraft:mob_kills":20,"minecraft:inspect_hopper":5,"minecraft:traded_with_villager":163,"minecraft:interact_with_cartography_table":1,"minecraft:interact_with_crafting_table":10,"minecraft:pot_flower":7,"minecraft:leave_game":5,"minecraft:time_since_death":25540,"minecraft:sleep_in_bed":4,"minecraft:climb_one_cm":152,"minecraft:time_since_rest":11638,"minecraft:sprint_one_cm":112683,"minecraft:damage_taken":1083,"minecraft:walk_one_cm":112657,"minecraft:drop":2,"minecraft:damage_dealt":3001,"minecraft:swim_one_cm":5907,"minecraft:talked_to_villager":23,"minecraft:fly_one_cm":573406,"minecraft:open_chest":128,"minecraft:crouch_one_cm":6791,"minecraft:play_time":77030,"minecraft:deaths":3,"minecraft:sneak_time":2550,"minecraft:walk_under_water_one_cm":1128,"minecraft:jump":561,"minecraft:walk_on_water_one_cm":2138,"minecraft:total_world_time":77030,"minecraft:fall_one_cm":15731},"minecraft:picked_up":{"betterfurnacesreforged:diamond_forge":1,"minecraft:magma_block":1,"minecraft:crafting_table":2,"minecraft:clay_ball":16,"minecraft:leather":4,"minecraft:smoker":2,"minecraft:potato":1,"simplevillagers:iron_farm_block":64,"minecraft:gold_block":1,"minecraft:oak_log":27,"minecraft:brewing_stand":1,"minecraft:yellow_bed":2,"minecraft:dirt":53,"minecraft:red_bed":1,"minecraft:raw_copper":14,"minecraft:item_frame":6,"minecraft:bone":2,"minecraft:apple":7,"minecraft:stonecutter":1,"minecraft:wheat_seeds":66,"minecraft:cartography_table":1,"minecraft:beef":9,"minecraft:iron_ingot":5,"minecraft:stone_pickaxe":2,"minecraft:lectern":1,"minecraft:sugar_cane":22,"minecraft:chest":3,"minecraft:oak_planks":4,"minecraft:book":13,"minecraft:dark_oak_sapling":21,"simplevillagers:breeder_block":64,"minecraft:stick":44,"simplevillagers:incubator_block":64,"simplevillagers:converter_block":64,"minecraft:composter":3,"minecraft:dandelion":3,"minecraft:torch":2,"minecraft:acacia_log":2,"minecraft:porkchop":15,"minecraft:sand":1,"minecraft:carrot":6,"minecraft:crying_obsidian":1,"minecraft:dark_oak_log":402,"minecraft:zombie_spawn_egg":1,"minecraft:dark_oak_planks":56,"minecraft:orange_bed":3,"minecraft:arrow":2,"minecraft:rotten_flesh":3,"minecraft:beetroot_seeds":1,"simplevillagers:trading_block":64,"minecraft:hay_block":47,"minecraft:diamond_axe":1,"minecraft:bread":3,"minecraft:terracotta":2,"minecraft:cobblestone":1,"minecraft:oak_sapling":25,"minecraft:netherrack":2,"minecraft:mutton":6,"minecraft:obsidian":6,"minecraft:white_wool":3,"minecraft:hopper":1,"minecraft:oxeye_daisy":1},"minecraft:used":{"uncrafter:uncrafter":1,"simplevillagers:villager_item":2,"minecraft:oak_planks":4,"minecraft:chest":23,"minecraft:fletching_table":1,"minecraft:glow_item_frame":8,"minecraft:dirt":165,"minecraft:terracotta":1,"minecraft:hopper":9,"minecraft:crafting_table":3,"torcherino:double_compressed_torcherino":1,"minecraft:flower_pot":4,"minecraft:apple":2,"minecraft:iron_axe":1,"betterfurnacesreforged:diamond_forge":4,"minecraft:bread":9,"minecraft:item_frame":12,"simplevillagers:iron_farm_block":6,"minecraft:stone_axe":137,"minecraft:cobblestone":12,"betterfurnacesreforged:cobblestone_generator":1,"minecraft:smithing_table":1,"minecraft:oak_sapling":2,"minecraft:beetroot_seeds":1,"minecraft:yellow_bed":2,"minecraft:dark_oak_sapling":17},"minecraft:dropped":{"minecraft:dark_oak_log":3,"minecraft:stone_pickaxe":1},"minecraft:killed":{"minecraft:pig":7,"minecraft:iron_golem":1,"minecraft:sheep":3,"minecraft:skeleton":1,"minecraft:zombie":2,"minecraft:cow":4},"minecraft:mined":{"minecraft:oak_sapling":1,"minecraft:red_bed":1,"minecraft:dandelion":4,"minecraft:crafting_table":1,"minecraft:cornflower":1,"minecraft:torch":2,"minecraft:chest":3,"minecraft:dead_bush":9,"minecraft:lectern":1,"minecraft:cartography_table":1,"minecraft:composter":3,"minecraft:sugar_cane":17,"minecraft:oxeye_daisy":1,"minecraft:carrots":6,"minecraft:wheat":56,"minecraft:yellow_bed":2,"minecraft:grass":40,"minecraft:bookshelf":4,"minecraft:potatoes":1,"minecraft:beetroots":1,"minecraft:dark_oak_sapling":1,"minecraft:sand":1,"minecraft:orange_bed":3},"minecraft:killed_by":{"minecraft:creeper":1,"minecraft:skeleton":1,"minecraft:zombie":1},"minecraft:crafted":{"minecraft:oak_planks":108,"minecraft:emerald":147,"minecraft:crafting_table":1,"travelersbackpack:standard":1,"minecraft:diamond_shovel":1,"minecraft:dark_oak_button":64,"minecraft:bread":141,"minecraft:air":0,"minecraft:hopper":12,"minecraft:diamond_pickaxe":5,"minecraft:iron_chestplate":1,"minecraft:cobblestone":0,"minecraft:iron_axe":7,"minecraft:stick":1132,"minecraft:iron_pickaxe":1,"minecraft:blackstone":0,"minecraft:chest":29,"minecraft:dark_oak_planks":1316,"minecraft:stone_hoe":10,"minecraft:wheat":423}},"DataVersion":3465}