{
  "vanillatweaks:root": {
    "criteria": {
      "tick": "2024-05-12 14:01:59 +0000"
    },
    "done": true
  },
  "vanillatweaks:classic_fishing_loot": {
    "criteria": {
      "tick": "2024-05-12 14:01:59 +0000"
    },
    "done": true
  },
  "minecraft:recipes/decorations/crafting_table": {
    "criteria": {
      "unlock_right_away": "2024-05-12 14:01:59 +0000"
    },
    "done": true
  },
  "vanillatweaks:cauldron_concrete": {
    "criteria": {
      "tick": "2024-05-12 14:01:59 +0000"
    },
    "done": true
  },
  "vanillatweaks:villager_workstation_highlights": {
    "criteria": {
      "tick": "2024-05-12 14:01:59 +0000"
    },
    "done": true
  },
  "vanillatweaks:armored_elytra": {
    "criteria": {
      "tick": "2024-05-12 14:01:59 +0000"
    },
    "done": true
  },
  "betternether:root": {
    "criteria": {
      "welcome": "2024-05-12 14:02:00 +0000"
    },
    "done": true
  },
  "minecraft:adventure/adventuring_time": {
    "criteria": {
      "minecraft:plains": "2024-05-12 14:02:00 +0000"
    },
    "done": false
  },
  "DataVersion": 3465
}